Date,Open,High,Low,Close,Volume,Adj Close
2005-01-03,36.049999,36.169998,35.25,35.41,1489000,16.109147
2005-01-04,35.360001,35.599998,34.400002,34.709999,2065600,15.790695
2005-01-05,34.810001,34.919998,34.23,34.279999,1796000,15.595074
2005-01-06,34.450001,34.68,34.220001,34.619999,1399800,15.749751
2005-01-07,34.709999,35.110001,34.400002,34.549999,845600,15.717906
2005-01-10,34.599998,34.810001,34.509998,34.689999,639000,15.781596
2005-01-11,34.689999,34.689999,33.919998,34.119999,1458200,15.522285
2005-01-12,34.200001,34.200001,33.860001,34.060001,1669800,15.49499
2005-01-13,34.139999,34.900002,34.099998,34.290001,1315200,15.599624
2005-01-14,34.389999,34.77,34.049999,34.23,1141600,15.572327
2005-01-18,34.299999,34.630001,33.75,34.0,929600,15.467693
2005-01-19,34.049999,34.25,33.57,33.740002,884400,15.349412
2005-01-20,33.689999,33.689999,33.099998,33.5,867600,15.240227
2005-01-21,33.48,33.91,33.200001,33.200001,615800,15.103748
2005-01-24,33.450001,33.75,33.330002,33.43,970800,15.208382
2005-01-25,33.419998,34.200001,33.349998,33.43,660400,15.208382
2005-01-26,33.450001,33.869999,33.32,33.689999,1033800,15.326664
2005-01-27,33.689999,34.200001,33.599998,33.98,448400,15.458594
2005-01-28,34.450001,34.700001,33.990002,34.48,712200,15.68606
2005-01-31,34.849998,35.200001,34.77,35.0,1006200,15.922625
2005-02-01,35.0,35.389999,34.900002,35.330002,1604800,16.072754
2005-02-02,35.32,35.779999,35.099998,35.5,2563600,16.150091
2005-02-03,36.0,36.0,35.450001,35.59,1352200,16.191035
2005-02-04,35.599998,35.689999,34.919998,35.240002,905200,16.03181
2005-02-07,35.009998,35.889999,34.98,35.700001,1327200,16.241078
2005-02-08,35.720001,36.18,35.529999,36.0,2152200,16.377558
2005-02-09,36.029999,36.240002,35.950001,36.0,1135400,16.377558
2005-02-10,36.150002,36.220001,35.950001,36.049999,2756400,16.400304
2005-02-11,36.099998,37.049999,35.900002,36.75,2689000,16.718757
2005-02-14,36.630001,37.759998,36.57,37.599998,4220600,17.105448
2005-02-15,37.73,38.169998,37.630001,37.689999,2865600,17.146392
2005-02-16,37.450001,38.259998,37.07,38.259998,2145200,17.405703
2005-02-17,38.150002,38.810001,37.889999,38.490002,1947600,17.510339
2005-02-18,38.490002,38.52,38.0,38.34,1120600,17.442099
2005-02-22,38.27,38.279999,36.900002,37.0,1992800,16.83249
2005-02-23,37.02,37.380001,36.82,36.889999,1033800,16.782447
2005-02-24,36.889999,38.080002,36.689999,38.060001,2826200,17.314718
2005-02-25,38.209999,38.790001,38.150002,38.669998,1062400,17.592226
2005-02-28,38.82,39.099998,38.330002,38.509998,2839200,17.519436
2005-03-01,38.66,38.970001,38.349998,38.689999,1286000,17.601324
2005-03-02,38.630001,38.740002,38.310001,38.470001,739200,17.50124
2005-03-03,38.200001,38.439999,37.919998,38.150002,842200,17.355662
2005-03-04,38.200001,38.950001,38.200001,38.599998,741800,17.56038
2005-03-07,38.549999,38.849998,38.41,38.549999,1401600,17.537634
2005-03-08,38.57,38.57,38.200001,38.349998,483200,17.446647
2005-03-09,38.25,38.73,37.900002,38.189999,776600,17.373858
2005-03-10,38.150002,38.150002,36.330002,37.459999,2095200,17.041758
2005-03-11,37.369999,37.459999,37.099998,37.349998,819400,16.991715
2005-03-14,37.450001,38.299999,37.450001,37.849998,883000,17.219181
2005-03-15,37.849998,37.900002,37.150002,37.68,812000,17.141844
2005-03-16,37.619999,37.619999,36.689999,36.849998,901400,16.764249
2005-03-17,37.0,37.959999,37.0,37.599998,1082400,17.105448
2005-03-18,37.75,37.900002,37.419998,37.5,1055600,17.059956
2005-03-21,37.59,37.59,37.23,37.400002,632600,17.014463
2005-03-22,36.619999,36.919998,35.59,36.02,6764400,16.386656
2005-03-23,36.02,36.02,34.200001,34.919998,4537200,15.88623
2005-03-24,35.049999,35.5,34.59,34.950001,1772000,15.899879
2005-03-28,35.09,35.150002,34.310001,34.549999,1304800,15.717906
2005-03-29,34.639999,34.720001,33.610001,34.150002,3617200,15.535934
2005-03-30,33.0,34.150002,32.790001,33.099998,7605000,15.058254
2005-03-31,33.18,34.490002,33.18,34.150002,4195600,15.535934
2005-04-01,34.330002,34.91,34.099998,34.720001,3059400,15.795245
2005-04-04,34.75,35.150002,34.299999,35.080002,2078800,15.959021
2005-04-05,35.0,35.369999,34.959999,35.009998,1089000,15.927174
2005-04-06,35.049999,35.139999,34.700001,34.77,1006000,15.817991
2005-04-07,34.849998,35.099998,34.75,35.049999,1028000,15.945372
2005-04-08,35.07,35.18,34.700001,34.709999,554600,15.790695
2005-04-11,34.619999,35.169998,34.619999,34.990002,1017200,15.918077
2005-04-12,34.900002,35.16,34.299999,34.599998,1271200,15.740652
2005-04-13,34.619999,34.700001,33.799999,34.0,667000,15.467693
2005-04-14,34.0,34.099998,33.439999,33.5,846400,15.240227
2005-04-15,33.509998,33.66,32.200001,32.290001,2819200,14.68976
2005-04-18,32.299999,32.389999,31.309999,32.049999,3568800,14.580575
2005-04-19,32.75,33.720001,32.75,33.060001,2970000,15.040058
2005-04-20,33.139999,33.5,32.25,32.459999,1766600,14.767097
2005-04-21,32.619999,33.009998,32.400002,33.009998,1286000,15.01731
2005-04-22,33.09,33.73,33.09,33.599998,2006000,15.28572
2005-04-25,33.549999,34.25,33.5,33.75,1499000,15.35396
2005-04-26,33.75,33.880001,33.279999,33.400002,640200,15.194735
2005-04-27,33.25,33.450001,32.610001,32.959999,2058800,14.994563
2005-04-28,32.900002,32.91,31.82,31.85,1528600,14.489589
2005-04-29,32.009998,32.52,30.299999,31.1,3756200,14.14839
2005-05-02,31.18,31.370001,30.85,30.860001,2108800,14.039207
2005-05-03,30.860001,30.940001,30.620001,30.700001,2641800,13.966417
2005-05-04,30.77,31.0,30.459999,30.9,2734000,14.057403
2005-05-05,31.049999,31.629999,30.99,31.15,2656400,14.171136
2005-05-06,31.35,31.799999,31.23,31.610001,1862200,14.380406
2005-05-09,31.610001,32.59,31.379999,32.59,5467800,14.826239
2005-05-10,33.599998,33.869999,33.400002,33.599998,5225200,15.28572
2005-05-11,33.73,33.900002,33.02,33.900002,2296600,15.422201
2005-05-12,33.950001,33.950001,32.57,32.830002,1392200,14.935423
2005-05-13,33.080002,33.110001,30.719999,31.799999,3319200,14.466842
2005-05-16,31.76,32.099998,31.559999,31.85,2768600,14.489589
2005-05-17,31.73,32.450001,31.6,32.080002,1993200,14.594224
2005-05-18,32.5,33.09,32.41,32.889999,2518800,14.962718
2005-05-19,32.970001,33.110001,32.68,33.110001,1005600,15.062804
2005-05-20,33.110001,33.209999,32.700001,33.099998,1005800,15.058254
2005-05-23,33.099998,33.709999,32.849998,33.669998,1665600,15.317565
2005-05-24,33.799999,34.200001,33.630001,34.09,3035200,15.508637
2005-05-25,34.099998,34.82,34.049999,34.75,3790400,15.808892
2005-05-26,34.91,35.369999,34.880001,35.200001,3533800,16.013612
2005-05-27,35.16,35.349998,35.0,35.220001,919800,16.022711
2005-05-31,35.23,35.849998,35.23,35.75,2517200,16.263824
2005-06-01,35.799999,36.700001,35.549999,35.889999,1116800,16.327515
2005-06-02,35.950001,36.509998,35.700001,36.27,2048600,16.500389
2005-06-03,36.290001,36.529999,35.93,35.950001,2627800,16.354811
2005-06-06,35.959999,36.0,35.200001,35.240002,2620200,16.03181
2005-06-07,35.189999,35.299999,34.630001,34.810001,4148800,15.836189
2005-06-08,34.799999,35.5,34.799999,34.84,1352600,15.849836
2005-06-09,34.759998,35.419998,34.459999,35.419998,1230200,16.113696
2005-06-10,35.630001,36.0,35.599998,35.93,2108800,16.345712
2005-06-13,36.0,36.349998,35.810001,36.299999,1380000,16.514037
2005-06-14,36.419998,36.700001,36.299999,36.560001,1126000,16.63232
2005-06-15,36.580002,36.66,36.099998,36.240002,1126200,16.486742
2005-06-16,36.299999,36.599998,36.099998,36.599998,1100800,16.650516
2005-06-17,36.5,36.900002,36.5,36.810001,1194200,16.746053
2005-06-20,36.799999,37.23,36.630001,36.959999,2308000,16.814292
2005-06-21,36.959999,37.310001,36.939999,36.990002,1026800,16.827941
2005-06-22,37.07,37.150002,36.849998,36.970001,1293200,16.818842
2005-06-23,36.970001,37.209999,36.849998,36.860001,1791600,16.768799
2005-06-24,36.799999,37.099998,36.709999,37.0,1031000,16.83249
2005-06-27,36.950001,37.34,36.599998,37.23,701400,16.937124
2005-06-28,37.23,37.450001,37.080002,37.380001,820400,17.005364
2005-06-29,37.490002,37.540001,36.73,37.220001,900000,16.932575
2005-06-30,37.130001,37.610001,37.099998,37.599998,787400,17.105448
2005-07-01,37.599998,38.009998,37.59,38.0,1550000,17.287422
2005-07-05,37.959999,38.139999,37.669998,38.110001,1255400,17.337465
2005-07-06,38.02,38.130001,37.360001,37.459999,905400,17.041758
2005-07-07,37.349998,37.689999,36.98,37.630001,811600,17.119097
2005-07-08,37.630001,37.959999,37.439999,37.66,1140600,17.132745
2005-07-11,37.599998,38.099998,37.439999,38.049999,1081800,17.310168
2005-07-12,38.029999,38.029999,37.48,38.0,1076000,17.287422
2005-07-13,37.860001,38.419998,37.849998,37.880001,984400,17.23283
2005-07-14,37.73,37.900002,37.189999,37.259998,1389400,16.950771
2005-07-15,37.23,37.259998,36.580002,36.880001,1620800,16.777898
2005-07-18,36.77,37.34,36.740002,36.939999,943000,16.805193
2005-07-19,36.939999,37.110001,36.869999,36.950001,513200,16.809743
2005-07-20,36.849998,37.470001,36.580002,37.310001,840000,16.973519
2005-07-21,37.32,37.32,36.400002,36.560001,827600,16.63232
2005-07-22,36.759998,38.330002,36.759998,38.150002,1304000,17.355662
2005-07-25,38.299999,38.349998,37.709999,37.77,694000,17.182788
2005-07-26,37.799999,37.799999,37.27,37.380001,1143800,17.005364
2005-07-27,37.5,37.959999,36.970001,37.849998,2679200,17.219181
2005-07-28,37.82,37.91,37.450001,37.810001,1386200,17.200985
2005-07-29,37.810001,38.360001,37.810001,38.349998,1422600,17.446647
2005-08-01,38.330002,38.799999,38.23,38.799999,1629200,17.651367
2005-08-02,38.950001,40.049999,38.900002,40.0,2985000,18.197286
2005-08-03,39.93,40.09,39.560001,39.919998,1133000,18.160891
2005-08-04,39.98,41.900002,39.98,41.52,2493400,18.888783
2005-08-05,41.580002,41.630001,39.41,40.009998,1979600,18.201835
2005-08-08,40.349998,40.349998,38.5,39.049999,3147400,17.7651
2005-08-09,38.66,39.299999,38.360001,38.700001,2300200,17.605875
2005-08-10,39.380001,40.299999,39.099998,39.389999,2324800,17.919777
2005-08-11,39.299999,39.299999,37.880001,38.360001,2852200,17.451198
2005-08-12,38.5,39.0,38.299999,38.93,2586200,17.710509
2005-08-15,39.049999,39.299999,38.360001,38.450001,1074200,17.492142
2005-08-16,38.549999,39.02,37.68,37.939999,1904600,17.260125
2005-08-17,38.080002,38.080002,37.310001,37.549999,1094200,17.082702
2005-08-18,37.580002,37.740002,37.299999,37.450001,1338400,17.037209
2005-08-19,37.540001,38.66,37.41,38.560001,768800,17.542184
2005-08-22,38.560001,38.740002,38.41,38.599998,1230000,17.56038
2005-08-23,38.75,38.98,38.470001,38.639999,880200,17.578578
2005-08-24,38.580002,39.139999,38.509998,38.990002,1354000,17.737805
2005-08-25,39.099998,39.169998,38.700001,39.130001,1379000,17.801496
2005-08-26,39.049999,39.139999,38.700001,38.900002,738800,17.696861
2005-08-29,38.799999,39.23,38.349998,39.099998,764000,17.787846
2005-08-30,39.130001,40.009998,38.91,40.0,1239600,18.197286
2005-08-31,39.950001,40.41,39.549999,40.02,2004400,18.206385
2005-09-01,40.009998,41.189999,40.009998,41.049999,1636200,18.674965
2005-09-02,41.049999,41.189999,40.59,40.869999,857200,18.593077
2005-09-06,40.860001,41.049999,40.470001,40.73,826600,18.529386
2005-09-07,40.52,40.860001,40.0,40.75,3458200,18.538485
2005-09-08,40.77,41.41,40.77,41.400002,1550600,18.834192
2005-09-09,41.5,41.860001,40.59,40.740002,1971600,18.533937
2005-09-12,40.84,41.360001,40.529999,41.0,1408000,18.652218
2005-09-13,40.950001,40.990002,40.439999,40.84,1157600,18.579429
2005-09-14,40.73,41.34,40.619999,41.0,2283200,18.652218
2005-09-15,40.950001,41.360001,40.950001,41.360001,1305400,18.815994
2005-09-16,41.450001,41.52,40.700001,40.889999,817800,18.602175
2005-09-19,40.740002,41.049999,40.689999,40.779999,819600,18.552133
2005-09-20,40.880001,41.029999,40.34,40.549999,472200,18.447498
2005-09-21,40.630001,41.200001,39.740002,39.75,1295800,18.083553
2005-09-22,39.779999,40.060001,39.029999,40.049999,1282600,18.220032
2005-09-23,39.900002,40.740002,39.700001,40.490002,1501800,18.420204
2005-09-26,40.669998,41.0,40.400002,40.700001,1077400,18.515739
2005-09-27,40.799999,41.939999,40.799999,41.529999,1879000,18.893332
2005-09-28,42.75,44.450001,42.25,43.049999,6851600,19.584829
2005-09-29,42.919998,42.950001,41.689999,42.25,3257600,19.220883
2005-09-30,42.349998,42.689999,42.060001,42.599998,1414200,19.380109
2005-10-03,43.299999,48.799999,43.299999,48.549999,24186600,22.086956
2005-10-04,48.419998,49.439999,47.650002,48.07,5229800,21.868588
2005-10-05,47.509998,48.07,45.43,46.099998,3223800,20.972372
2005-10-06,46.080002,46.09,43.919998,44.939999,5917000,20.44465
2005-10-07,45.5,45.810001,44.529999,45.110001,2808800,20.52199
2005-10-10,45.299999,45.470001,44.700001,45.060001,1286600,20.499243
2005-10-11,45.16,46.299999,45.119999,45.669998,1341600,20.776751
2005-10-12,45.75,46.549999,43.889999,44.91,4122200,20.431003
2005-10-13,45.0,45.490002,43.16,44.200001,3711800,20.108002
2005-10-14,44.200001,44.93,43.990002,44.720001,2618000,20.344566
2005-10-17,44.880001,45.490002,44.599998,44.849998,2292000,20.403706
2005-10-18,44.849998,44.91,43.439999,43.970001,1810000,20.003367
2005-10-19,44.009998,44.630001,42.669998,44.599998,2201400,20.289973
2005-10-20,44.990002,45.200001,41.950001,42.0,5127400,19.10715
2005-10-21,42.220001,43.23,41.610001,41.77,2411200,19.002516
2005-10-24,41.830002,42.779999,41.43,42.41,2303400,19.293673
2005-10-25,42.630001,42.700001,41.610001,42.299999,3040400,19.24363
2005-10-26,42.299999,42.650002,41.959999,42.330002,2007800,19.257279
2005-10-27,42.5,42.599998,41.529999,41.639999,2643200,18.943375
2005-10-28,41.650002,43.139999,41.560001,42.75,1604800,19.44835
2005-10-31,42.900002,43.439999,42.830002,43.009998,1550200,19.566631
2005-11-01,43.0,43.009998,40.939999,40.970001,3152000,18.638571
2005-11-02,41.049999,41.18,39.419998,40.470001,4070600,18.411105
2005-11-03,40.689999,41.299999,40.689999,41.130001,1946800,18.71136
2005-11-04,41.459999,41.700001,41.27,41.299999,3190800,18.788698
2005-11-07,41.349998,42.290001,39.75,41.610001,3597400,18.929727
2005-11-08,41.5,41.509998,40.490002,40.650002,1407000,18.492993
2005-11-09,40.650002,41.099998,39.57,40.689999,1806200,18.511189
2005-11-10,40.540001,40.650002,38.869999,39.25,3387600,17.856087
2005-11-11,39.240002,39.700001,37.93,38.200001,2965800,17.378409
2005-11-14,38.599998,39.82,37.599998,39.75,4942000,18.083553
2005-11-15,39.549999,41.169998,39.389999,40.34,4009800,18.351963
2005-11-16,40.59,41.009998,40.099998,40.869999,2115000,18.593077
2005-11-17,40.970001,42.380001,40.970001,41.700001,2549000,18.970671
2005-11-18,42.200001,43.299999,41.990002,43.25,3445200,19.675816
2005-11-21,43.25,44.700001,43.150002,44.450001,3084800,20.221735
2005-11-22,44.400002,45.439999,44.009998,45.099998,3004400,20.517439
2005-11-23,44.950001,45.720001,44.779999,45.25,1501600,20.58568
2005-11-25,45.18,45.529999,45.119999,45.25,224200,20.58568
2005-11-28,45.18,45.189999,43.509998,43.73,2099600,19.894183
2005-11-29,43.779999,44.07,43.049999,43.419998,2342800,19.753153
2005-11-30,43.299999,44.240002,43.240002,43.669998,2383400,19.866886
2005-12-01,43.799999,44.619999,43.669998,44.099998,2061400,20.062507
2005-12-02,44.25,44.580002,43.130001,43.77,2070400,19.912381
2005-12-05,43.5,44.599998,43.419998,43.880001,2591600,19.962423
2005-12-06,43.700001,44.060001,43.66,44.0,1716400,20.017015
2005-12-07,43.400002,44.450001,43.400002,44.0,1342800,20.017015
2005-12-08,44.0,44.509998,44.0,44.470001,1656400,20.230833
2005-12-09,44.299999,44.709999,44.099998,44.43,682200,20.212636
2005-12-12,44.889999,45.299999,44.5,44.810001,2029000,20.38551
2005-12-13,45.0,45.209999,44.450001,45.099998,2048400,20.517439
2005-12-14,45.209999,46.0,44.939999,45.119999,1981200,20.526538
2005-12-15,45.400002,45.869999,45.009998,45.389999,1250800,20.64937
2005-12-16,45.299999,45.700001,45.18,45.599998,1487400,20.744905
2005-12-19,45.330002,45.66,45.169998,45.349998,1265600,20.631172
2005-12-20,45.650002,45.650002,44.709999,45.02,794800,20.481046
2005-12-21,45.02,45.200001,44.48,44.900002,688000,20.426454
2005-12-22,45.48,46.369999,45.299999,46.0,1888600,20.926879
2005-12-23,46.240002,46.650002,45.990002,46.220001,1246200,21.026965
2005-12-27,46.240002,46.279999,45.75,45.77,1192600,20.822245
2005-12-28,45.790001,46.139999,45.759998,46.0,875800,20.926879
2005-12-29,45.900002,46.529999,45.650002,46.139999,519200,20.990569
2005-12-30,46.049999,47.32,45.880001,47.119999,2841200,21.436403
2006-01-03,47.400002,48.099998,46.779999,47.950001,2363200,21.813997
2006-01-04,47.900002,48.389999,47.459999,47.5,1922000,21.609277
2006-01-05,46.5,46.810001,45.5,46.349998,4340400,21.086105
2006-01-06,46.599998,47.549999,45.990002,46.130001,4510200,20.986021
2006-01-09,46.299999,47.18,46.299999,46.799999,2585600,21.290824
2006-01-10,46.700001,46.799999,46.25,46.419998,1553200,21.11795
2006-01-11,46.369999,46.369999,45.68,45.950001,1434600,20.904133
2006-01-12,45.93,48.150002,45.869999,47.080002,5722600,21.418207
2006-01-13,47.099998,48.959999,47.099998,48.740002,2480000,22.173394
2006-01-17,48.810001,49.459999,48.700001,49.349998,2858200,22.450901
2006-01-18,49.200001,49.299999,48.900002,49.209999,1789600,22.387211
2006-01-19,49.310001,49.369999,48.509998,48.650002,1616600,22.13245
2006-01-20,48.66,48.990002,48.099998,48.259998,1623800,21.955025
2006-01-23,48.360001,48.68,47.810001,48.400002,1902000,22.018717
2006-01-24,48.5,49.349998,48.389999,48.889999,2221200,22.241633
2006-01-25,49.099998,49.259998,48.049999,49.25,2951800,22.405409
2006-01-26,49.110001,49.110001,47.82,48.68,22211200,22.146097
2006-01-27,48.68,48.950001,48.32,48.610001,5189800,22.114252
2006-01-30,48.619999,49.029999,48.220001,48.919998,7866400,22.25528
2006-01-31,48.900002,48.950001,48.27,48.27,3856000,21.959575
2006-02-01,48.5,48.650002,47.990002,48.0,2239600,21.836743
2006-02-02,47.75,48.07,46.790001,47.200001,4783200,21.472798
2006-02-03,47.23,47.299999,46.66,47.299999,2667000,21.518291
2006-02-06,47.529999,48.130001,47.5,48.029999,2804800,21.850391
2006-02-07,48.07,48.299999,47.240002,47.25,3233000,21.495544
2006-02-08,47.450001,47.57,46.189999,46.400002,3552400,21.108853
2006-02-09,46.32,46.900002,46.099998,46.400002,3566000,21.108853
2006-02-10,46.459999,47.0,45.889999,46.16,3857600,20.999668
2006-02-13,46.0,46.23,44.970001,46.220001,3962600,21.026965
2006-02-14,46.0,46.0,44.32,44.459999,5780200,20.226283
2006-02-15,44.200001,45.240002,44.02,44.419998,3848200,20.208085
2006-02-16,44.27,45.529999,44.099998,45.369999,4243000,20.640271
2006-02-17,45.700001,46.200001,45.470001,45.889999,1975000,20.876836
2006-02-21,46.389999,46.5,45.509998,45.700001,1824600,20.7904
2006-02-22,45.790001,46.169998,45.349998,45.740002,2637400,20.808597
2006-02-23,45.25,45.419998,44.490002,44.5,2577000,20.244481
2006-02-24,44.16,45.02,44.049999,44.200001,1704800,20.108002
2006-02-27,43.970001,44.599998,43.470001,43.580002,3900600,19.825944
2006-02-28,43.630001,43.779999,42.119999,43.25,6462800,19.675816
2006-03-01,43.25,44.25,43.220001,44.0,2164000,20.017015
2006-03-02,44.099998,44.490002,43.889999,44.419998,2617600,20.208085
2006-03-03,44.419998,44.639999,43.759998,44.09,2314400,20.057959
2006-03-06,44.0,44.0,42.310001,42.529999,4566400,19.348264
2006-03-07,43.799999,44.049999,42.720001,42.900002,7979800,19.51659
2006-03-08,42.939999,43.5,41.790001,43.43,4590600,19.757704
2006-03-09,43.509998,43.689999,42.939999,43.299999,2217600,19.698562
2006-03-10,43.099998,43.41,42.529999,43.18,1116200,19.643971
2006-03-13,44.400002,44.669998,44.09,44.41,2532400,20.203537
2006-03-14,44.41,45.099998,44.41,44.880001,1898400,20.417356
2006-03-15,45.200001,45.580002,44.709999,45.560001,2625400,20.72671
2006-03-16,45.66,45.790001,45.349998,45.639999,2363000,20.763103
2006-03-17,45.939999,46.369999,45.66,46.220001,2650200,21.026965
2006-03-20,46.5,46.900002,45.009998,45.369999,4374000,20.640271
2006-03-21,45.060001,45.27,44.27,44.650002,3741800,20.312721
2006-03-22,44.57,45.299999,43.75,45.119999,4199400,20.526538
2006-03-23,44.990002,45.25,44.450001,45.169998,1917200,20.549285
2006-03-24,45.099998,45.549999,45.09,45.41,3270600,20.658469
2006-03-27,45.299999,45.490002,45.060001,45.209999,1083000,20.567482
2006-03-28,45.290001,45.540001,44.82,45.290001,1716200,20.603878
2006-03-29,45.139999,45.310001,44.93,45.139999,1543600,20.535637
2006-03-30,45.099998,45.389999,44.900002,45.099998,2236000,20.517439
2006-03-31,45.110001,45.290001,44.630001,45.220001,2393400,20.572033
2006-04-03,45.349998,46.41,45.139999,46.049999,3351000,20.949625
2006-04-04,45.740002,46.5,45.349998,46.279999,2459600,21.054259
2006-04-05,46.490002,47.5,46.48,47.43,3910000,21.577432
2006-04-06,47.91,48.169998,47.59,48.119999,3978000,21.891335
2006-04-07,48.119999,48.189999,47.77,47.82,5547800,21.754855
2006-04-10,47.950001,48.150002,47.73,47.799999,3107800,21.745757
2006-04-11,47.799999,48.200001,47.07,47.299999,2412200,21.518291
2006-04-12,47.34,47.610001,47.169998,47.220001,1343800,21.481897
2006-04-13,47.200001,47.279999,46.759998,47.119999,2062600,21.436403
2006-04-17,47.400002,47.66,46.98,47.200001,1621400,21.472798
2006-04-18,47.5,48.119999,47.32,47.889999,2453000,21.786701
2006-04-19,48.099998,48.25,47.82,48.07,1485400,21.868588
2006-04-20,48.150002,48.630001,48.130001,48.349998,2551000,21.995969
2006-04-21,48.459999,48.630001,47.689999,47.939999,3192600,21.809447
2006-04-24,47.939999,48.150002,47.639999,47.650002,1581400,21.677518
2006-04-25,47.650002,47.689999,47.029999,47.459999,1923400,21.59108
2006-04-26,47.470001,47.700001,47.32,47.580002,1723600,21.645673
2006-04-27,47.580002,47.880001,47.380001,47.700001,3271600,21.700264
2006-04-28,47.689999,47.82,47.470001,47.59,1739600,21.650221
2006-05-01,47.5,47.799999,47.029999,47.16,1250200,21.4546
2006-05-02,47.209999,47.880001,47.060001,47.84,908800,21.763954
2006-05-03,47.619999,48.150002,47.619999,48.040001,2432800,21.854941
2006-05-04,47.900002,48.220001,47.5,47.700001,1101400,21.700264
2006-05-05,47.75,48.84,47.709999,48.689999,1645400,22.150646
2006-05-08,48.799999,48.900002,47.880001,48.25,1663800,21.950476
2006-05-09,48.0,48.5,47.59,48.209999,2756000,21.932279
2006-05-10,47.900002,48.18,47.43,48.169998,2937200,21.914081
2006-05-11,47.950001,48.099998,47.299999,47.779999,2176400,21.736658
2006-05-12,47.610001,47.709999,46.57,46.66,2691000,21.227134
2006-05-15,46.509998,46.52,45.200001,45.77,3387400,20.822245
2006-05-16,45.740002,45.919998,45.279999,45.279999,2868800,20.599327
2006-05-17,44.900002,45.119999,44.299999,44.450001,2806200,20.221735
2006-05-18,44.380001,44.68,43.450001,43.5,4429400,19.789549
2006-05-19,43.5,43.68,42.439999,43.209999,7581000,19.657618
2006-05-22,43.060001,43.240002,42.529999,43.009998,3381800,19.566631
2006-05-23,43.439999,44.119999,43.290001,43.490002,4764200,19.785
2006-05-24,43.0,43.549999,42.830002,43.119999,3106800,19.616674
2006-05-25,43.299999,43.700001,43.220001,43.400002,2794800,19.744056
2006-05-26,43.650002,43.869999,43.400002,43.700001,3284800,19.880535
2006-05-30,43.700001,43.860001,42.830002,43.009998,2069800,19.566631
2006-05-31,51.299999,51.380001,49.5,49.75,37478600,22.632875
2006-06-01,50.0,52.610001,50.0,50.299999,19513800,22.883087
2006-06-02,50.299999,51.950001,49.529999,51.869999,9207600,23.59733
2006-06-05,51.0,52.139999,50.700001,50.939999,4132400,23.174243
2006-06-06,50.939999,51.0,49.849998,50.389999,2326600,22.924031
2006-06-07,50.299999,51.75,50.080002,50.450001,3844600,22.951327
2006-06-08,50.450001,50.939999,49.709999,50.650002,7923200,23.042314
2006-06-09,50.73,51.599998,50.599998,50.849998,4441000,23.133299
2006-06-12,49.450001,49.450001,45.970001,46.919998,13748600,21.345416
2006-06-13,46.900002,47.110001,44.900002,45.5,10321800,20.699413
2006-06-14,45.259998,47.02,45.080002,46.650002,5168800,21.222586
2006-06-15,46.889999,48.57,46.73,48.25,2963600,21.950476
2006-06-16,48.259998,48.790001,47.740002,48.450001,2679400,22.041463
2006-06-19,48.450001,48.59,47.279999,47.880001,3160400,21.782152
2006-06-20,47.880001,47.990002,46.630001,47.130001,1834600,21.440953
2006-06-21,46.849998,47.869999,46.34,47.849998,6626000,21.768503
2006-06-22,47.799999,47.84,46.75,46.849998,2411000,21.313571
2006-06-23,46.860001,47.419998,46.189999,47.16,1322400,21.4546
2006-06-26,47.16,47.279999,46.200001,46.98,1539200,21.372712
2006-06-27,46.849998,47.369999,46.0,46.509998,2466000,21.158894
2006-06-28,46.740002,46.799999,46.0,46.299999,1766400,21.063358
2006-06-29,46.450001,47.07,45.889999,46.939999,2626400,21.354515
2006-06-30,47.099998,48.189999,47.049999,48.18,3001600,21.918631
2006-07-03,48.549999,48.549999,47.599998,47.68,769800,21.691165
2006-07-05,47.5,47.5,46.75,47.09,1328200,21.422755
2006-07-06,47.07,47.310001,46.66,46.950001,1294200,21.359065
2006-07-07,46.93,48.099998,46.93,47.43,2038400,21.577432
2006-07-10,47.540001,48.139999,47.540001,47.900002,1459200,21.791251
2006-07-11,47.91,48.150002,47.48,47.959999,1824000,21.818546
2006-07-12,47.919998,48.380001,47.740002,47.869999,1760000,21.777602
2006-07-13,47.77,47.880001,46.75,47.16,1439000,21.4546
2006-07-14,47.099998,47.369999,46.349998,47.16,1707200,21.4546
2006-07-17,47.049999,47.5,46.619999,47.0,698000,21.381811
2006-07-18,47.060001,47.639999,46.419998,47.0,914000,21.381811
2006-07-19,47.0,47.759998,46.889999,47.349998,1361600,21.541037
2006-07-20,47.529999,48.18,47.389999,48.139999,1889600,21.900434
2006-07-21,48.32,48.619999,47.349998,47.509998,2440600,21.613826
2006-07-24,47.68,48.209999,47.66,48.0,1370600,21.836743
2006-07-25,48.0,49.150002,47.869999,48.860001,2641400,22.227985
2006-07-26,48.860001,49.470001,48.75,48.950001,2545800,22.268929
2006-07-27,49.0,49.310001,48.299999,48.860001,1947800,22.227985
2006-07-28,49.099998,50.150002,49.0,49.82,2025000,22.66472
2006-07-31,50.0,50.189999,48.400002,49.25,2918000,22.405409
2006-08-01,49.0,50.5,48.330002,48.59,5321000,22.105153
2006-08-02,48.650002,49.580002,48.5,48.849998,5693000,22.223435
2006-08-03,48.77,48.779999,47.330002,47.509998,4335600,21.613826
2006-08-04,47.950001,48.200001,46.889999,47.0,2825000,21.381811
2006-08-07,46.849998,47.009998,46.349998,46.720001,3122400,21.254431
2006-08-08,46.77,47.700001,46.400002,47.630001,2594400,21.668419
2006-08-09,47.950001,49.18,47.84,48.759998,4128800,22.182491
2006-08-10,47.75,48.400002,47.75,48.360001,9369000,22.000519
2006-08-11,48.310001,48.48,47.889999,48.110001,2618000,21.886786
2006-08-14,48.110001,48.490002,47.740002,48.139999,2616200,21.900434
2006-08-15,48.25,48.549999,48.009998,48.400002,1714600,22.018717
2006-08-16,48.599998,49.099998,48.220001,48.84,3360400,22.218886
2006-08-17,48.849998,49.169998,47.889999,48.299999,2571200,21.973223
2006-08-18,48.07,48.860001,47.939999,48.740002,2031200,22.173394
2006-08-21,48.740002,49.16,48.25,48.799999,1346000,22.200689
2006-08-22,48.599998,49.880001,48.599998,49.790001,2774800,22.651072
2006-08-23,49.200001,50.360001,49.0,50.16,7350000,22.819397
2006-08-24,50.0,50.110001,49.349998,49.869999,3253200,22.687466
2006-08-25,49.869999,50.700001,49.799999,50.349998,1949800,22.905833
2006-08-28,50.25,50.380001,49.43,49.889999,3626600,22.696565
2006-08-29,50.299999,50.529999,49.759998,50.41,2004200,22.93313
2006-08-30,50.599998,50.740002,50.349998,50.669998,2595400,23.051411
2006-08-31,50.759998,51.150002,50.439999,50.639999,1925800,23.037764
2006-09-01,50.639999,50.82,50.049999,50.43,1335400,22.942229
2006-09-05,50.75,50.810001,49.799999,50.0,1553600,22.746608
2006-09-06,50.0,50.139999,49.549999,49.77,2776600,22.641973
2006-09-07,49.700001,50.240002,49.5,50.099998,3787600,22.7921
2006-09-08,50.130001,50.59,50.130001,50.459999,4297000,22.955876
2006-09-11,50.459999,50.459999,48.900002,49.02,4313800,22.300774
2006-09-12,49.200001,49.310001,47.950001,48.400002,5426200,22.018717
2006-09-13,48.400002,48.599998,47.779999,47.900002,5380800,21.791251
2006-09-14,48.049999,48.279999,47.110001,47.540001,4422000,21.627475
2006-09-15,47.5,47.720001,47.130001,47.299999,5041600,21.518291
2006-09-18,47.470001,48.830002,47.450001,48.080002,4428400,21.873139
2006-09-19,48.400002,48.59,47.830002,48.080002,4608400,21.873139
2006-09-20,48.060001,48.060001,47.209999,47.32,4369200,21.527389
2006-09-21,47.599998,47.869999,47.200001,47.330002,4321800,21.53194
2006-09-22,47.209999,47.32,46.93,47.23,3797800,21.486445
2006-09-25,47.200001,47.209999,45.400002,46.720001,7508800,21.254431
2006-09-26,46.299999,46.349998,44.25,44.919998,15239000,20.435551
2006-09-27,44.549999,45.84,44.549999,45.5,6803200,20.699413
2006-09-28,45.450001,45.57,44.869999,45.32,4495200,20.617525
2006-09-29,45.220001,45.52,45.0,45.299999,4169000,20.608426
2006-10-02,45.220001,46.259998,45.150002,45.669998,5889400,20.776751
2006-10-03,45.439999,45.610001,45.02,45.220001,5155800,20.572033
2006-10-04,45.200001,45.389999,44.27,45.119999,6739000,20.526538
2006-10-05,45.07,45.400002,44.599998,44.810001,5084400,20.38551
2006-10-06,44.709999,45.59,44.439999,45.16,7256400,20.544736
2006-10-09,45.110001,46.0,45.060001,45.529999,3312000,20.71306
2006-10-10,45.610001,46.669998,45.610001,46.299999,2627200,21.063358
2006-10-11,46.049999,46.779999,45.939999,46.599998,2741800,21.199838
2006-10-12,46.700001,47.220001,46.139999,47.080002,3873600,21.418207
2006-10-13,47.150002,47.619999,47.110001,47.27,2151200,21.504643
2006-10-16,47.299999,47.830002,46.990002,47.790001,2634400,21.741208
2006-10-17,47.700001,48.18,46.790001,46.900002,7918400,21.336319
2006-10-18,47.150002,47.369999,46.610001,46.830002,2248800,21.304474
2006-10-19,46.830002,47.790001,46.759998,47.75,4498200,21.72301
2006-10-20,47.799999,48.110001,47.669998,47.740002,2896800,21.718462
2006-10-23,47.75,48.369999,47.599998,48.279999,3315400,21.964124
2006-10-24,48.279999,49.209999,48.16,49.049999,5230200,22.314422
2006-10-25,49.049999,49.75,48.900002,49.099998,3641200,22.337168
2006-10-26,48.959999,49.16,48.23,49.099998,2487200,22.337168
2006-10-27,48.950001,49.009998,48.419998,48.450001,1576800,22.041463
2006-10-30,48.5,48.700001,48.110001,48.169998,976800,21.914081
2006-10-31,48.130001,48.380001,47.799999,48.150002,2372000,21.904984
2006-11-01,48.099998,48.900002,47.93,48.369999,2267400,22.005068
2006-11-02,48.299999,48.630001,48.009998,48.310001,2557600,21.977773
2006-11-03,50.0,53.700001,50.0,53.130001,26349000,24.170546
2006-11-06,52.75,53.290001,52.310001,53.080002,4017200,24.1478
2006-11-07,53.400002,54.049999,52.98,53.889999,7053800,24.516293
2006-11-08,53.900002,55.029999,53.75,54.5,5334000,24.793802
2006-11-09,54.419998,55.200001,54.34,54.91,3862200,24.980324
2006-11-10,54.25,54.759998,54.25,54.400002,2865200,24.74831
2006-11-13,54.349998,54.740002,54.150002,54.439999,1787600,24.766506
2006-11-14,54.599998,54.900002,54.450001,54.830002,1891200,24.943931
2006-11-15,54.599998,54.860001,53.869999,54.299999,2349000,24.702816
2006-11-16,54.400002,54.740002,53.82,53.889999,1822800,24.516293
2006-11-17,53.900002,54.34,53.630001,53.790001,4825200,24.470801
2006-11-20,53.740002,54.599998,53.720001,54.509998,2431000,24.798351
2006-11-21,54.98,55.25,54.610001,55.0,2780400,25.021268
2006-11-22,55.48,56.130001,55.200001,55.869999,2222600,25.417059
2006-11-24,55.98,56.119999,55.41,55.700001,803400,25.339721
2006-11-27,55.5,55.73,55.150002,55.349998,2377600,25.180494
2006-11-28,55.400002,56.799999,55.400002,56.68,2489600,25.785555
2006-11-29,56.5,58.09,56.490002,57.73,4196000,26.263233
2006-11-30,57.650002,57.950001,56.82,56.919998,3146800,25.894737
2006-12-01,56.919998,57.52,56.919998,57.509998,2138600,26.163147
2006-12-04,57.52,58.029999,57.349998,57.869999,3092800,26.326923
2006-12-05,58.0,58.950001,57.900002,58.630001,5027600,26.672673
2006-12-06,58.630001,58.950001,58.439999,58.540001,3172800,26.631729
2006-12-07,58.860001,59.169998,58.029999,58.279999,1908800,26.513445
2006-12-08,58.599998,58.950001,57.509998,57.810001,1313800,26.299628
2006-12-11,57.77,58.16,57.450001,57.93,1996200,26.35422
2006-12-12,57.849998,58.849998,57.599998,58.080002,2427400,26.42246
2006-12-13,58.23,59.0,58.23,58.779999,2140400,26.740911
2006-12-14,58.84,59.48,57.0,57.740002,4422400,26.267783
2006-12-15,57.849998,58.009998,57.529999,57.580002,1580200,26.194994
2006-12-18,57.720001,58.009998,57.259998,57.849998,1328600,26.317824
2006-12-19,57.799999,58.869999,57.299999,57.959999,2019400,26.367867
2006-12-20,57.950001,58.150002,56.939999,56.950001,1619000,25.908386
2006-12-21,57.049999,57.16,56.27,56.349998,2602200,25.635426
2006-12-22,56.400002,56.73,55.889999,56.220001,1235800,25.576286
2006-12-26,56.099998,56.700001,56.099998,56.299999,764000,25.61268
2006-12-27,56.400002,56.5,55.82,56.049999,961800,25.498947
2006-12-28,56.23,56.599998,55.860001,56.150002,783800,25.544441
2006-12-29,56.0,56.299999,55.68,56.009998,1022200,25.480749
2007-01-03,56.349998,57.099998,55.470001,55.830002,6296200,25.398863
2007-01-04,55.849998,56.02,55.049999,55.400002,2699800,25.203242
2007-01-05,55.48,55.669998,54.43,54.509998,3140400,24.798351
2007-01-08,54.759998,55.279999,54.549999,54.950001,2733200,24.998522
2007-01-09,54.799999,55.650002,54.599998,55.389999,2724600,25.198692
2007-01-10,55.25,56.02,55.130001,55.98,2692800,25.467102
2007-01-11,55.98,56.560001,55.799999,56.290001,2727000,25.608131
2007-01-12,56.099998,56.419998,55.66,55.970001,2981400,25.462553
2007-01-16,55.799999,56.200001,55.650002,56.02,1260400,25.485299
2007-01-17,55.950001,56.18,55.540001,55.98,1761400,25.467102
2007-01-18,56.110001,56.349998,55.650002,56.040001,2127800,25.494398
2007-01-19,55.98,57.040001,55.880001,56.889999,2307400,25.88109
2007-01-22,57.139999,57.599998,57.0,57.48,1663600,26.1495
2007-01-23,57.599998,58.450001,57.330002,58.060001,1917600,26.413361
2007-01-24,58.099998,58.189999,57.799999,58.18,1301400,26.467953
2007-01-25,58.41,58.98,58.119999,58.310001,1606200,26.527094
2007-01-26,58.299999,58.5,57.75,58.369999,1640200,26.554389
2007-01-29,58.599998,60.23,58.5,58.599998,5074400,26.659023
2007-01-30,59.369999,59.599998,59.119999,59.450001,3148000,27.045717
2007-01-31,59.450001,60.040001,59.049999,59.93,1992200,27.264084
2007-02-01,59.950001,60.619999,59.759998,60.580002,2446400,27.559791
2007-02-02,60.580002,61.049999,60.5,61.040001,1444800,27.769059
2007-02-05,61.200001,61.450001,61.0,61.290001,1501400,27.882792
2007-02-06,61.630001,61.630001,60.200001,60.529999,2471600,27.537043
2007-02-07,60.860001,61.02,60.0,60.07,1889800,27.327774
2007-02-08,59.950001,60.610001,59.950001,60.32,2280000,27.441507
2007-02-09,60.400002,60.610001,59.91,60.099998,1207400,27.341422
2007-02-12,60.18,60.18,59.549999,59.75,2517800,27.182196
2007-02-13,59.939999,60.119999,59.73,59.950001,1374200,27.273183
2007-02-14,59.990002,60.810001,59.990002,60.380001,1678600,27.468804
2007-02-15,60.41,60.84,59.91,60.57,1837400,27.55524
2007-02-16,60.580002,61.75,60.25,61.720001,2426000,28.078413
2007-02-20,61.599998,61.860001,61.380001,61.759998,5162600,28.096609
2007-02-21,61.759998,61.959999,61.049999,61.450001,1813200,27.955581
2007-02-22,61.650002,62.419998,61.490002,62.349998,1675400,28.365019
2007-02-23,62.200001,63.810001,62.200001,63.52,2506800,28.897291
2007-02-26,68.0,70.0,67.300003,67.75,23837200,30.821653
2007-02-27,67.150002,67.699997,66.010002,66.25,6018400,30.139255
2007-02-28,66.150002,67.110001,65.5,66.349998,4980600,30.184748
2007-03-01,66.75,67.93,65.239998,67.330002,5808800,30.630583
2007-03-02,67.18,68.400002,67.120003,67.419998,5127000,30.671525
2007-03-05,67.199997,68.059998,66.620003,67.010002,3047600,30.485005
2007-03-06,67.25,68.410004,67.059998,67.93,5143600,30.903541
2007-03-07,67.93,69.650002,67.709999,69.190002,4634000,31.476757
2007-03-08,69.5,70.690002,69.190002,69.699997,5935600,31.70877
2007-03-09,69.599998,70.449997,69.389999,69.949997,3169200,31.822503
2007-03-12,69.959999,70.029999,69.449997,69.650002,3484400,31.686025
2007-03-13,68.010002,69.410004,67.959999,68.160004,5865800,31.008177
2007-03-14,68.300003,69.220001,67.860001,69.209999,4133600,31.485854
2007-03-15,69.410004,70.160004,68.839996,69.720001,3764800,31.71787
2007-03-16,69.860001,70.150002,69.400002,69.660004,1720400,31.690575
2007-03-19,70.099998,70.949997,69.839996,70.669998,3565000,32.150054
2007-03-20,70.599998,71.239998,70.25,71.0,4345000,32.300183
2007-03-21,71.110001,72.050003,70.529999,72.0,3207200,32.755115
2007-03-22,71.980003,72.699997,71.379997,72.199997,2780000,32.8461
2007-03-23,72.199997,72.790001,71.900002,72.589996,2350400,33.023523
2007-03-26,72.650002,73.059998,71.970001,73.050003,2950000,33.232795
2007-03-27,73.059998,73.900002,72.68,73.760002,3099800,33.555797
2007-03-28,73.769997,74.150002,72.879997,73.650002,3346800,33.505754
2007-03-29,73.900002,74.169998,73.349998,73.75,2830200,33.551246
2007-03-30,73.849998,74.199997,70.620003,72.040001,5967600,32.773313
2007-04-02,72.040001,73.769997,71.959999,73.510002,3587000,33.442064
2007-04-03,73.849998,74.0,73.32,73.360001,2366600,33.373823
2007-04-04,73.5,73.650002,72.870003,73.620003,1724200,33.492106
2007-04-05,73.480003,74.639999,73.230003,73.980003,2759600,33.655882
2007-04-09,74.849998,77.349998,74.739998,76.629997,7286800,34.86145
2007-04-10,76.739998,77.290001,76.650002,77.150002,4954400,35.098016
2007-04-11,77.379997,77.660004,76.800003,77.400002,2991400,35.211749
2007-04-12,77.400002,77.889999,76.610001,77.339996,6340400,35.184451
2007-04-13,77.75,78.120003,76.910004,77.959999,2100000,35.46651
2007-04-16,78.169998,78.910004,78.07,78.769997,2603600,35.835004
2007-04-17,79.050003,79.870003,78.239998,78.800003,3103800,35.848655
2007-04-18,78.5,79.459999,78.290001,78.959999,1922800,35.921442
2007-04-19,78.650002,78.900002,78.239998,78.529999,1277200,35.725821
2007-04-20,78.730003,79.559998,77.82,77.93,2818200,35.452863
2007-04-23,77.959999,79.519997,77.82,79.32,2428600,36.085218
2007-04-24,79.330002,79.669998,79.089996,79.610001,1632200,36.217149
2007-04-25,79.660004,80.139999,79.43,79.669998,3541400,36.244444
2007-04-26,79.620003,80.769997,79.529999,80.309998,2866800,36.5356
2007-04-27,79.879997,79.980003,78.419998,78.879997,4836400,35.885047
2007-04-30,78.879997,80.230003,78.779999,78.959999,5720000,35.921442
2007-05-01,79.669998,79.75,78.43,79.580002,6714600,36.203502
2007-05-02,80.75,83.550003,79.730003,80.209999,7916800,36.490108
2007-05-03,81.0,81.830002,80.830002,81.199997,4302400,36.940489
2007-05-04,81.599998,83.800003,81.459999,83.629997,4515800,38.045975
2007-05-07,83.760002,84.550003,83.690002,83.959999,3011600,38.196103
2007-05-08,83.760002,84.589996,83.309998,83.790001,3938000,38.118766
2007-05-09,83.800003,86.540001,83.800003,86.089996,6958000,39.165107
2007-05-10,86.099998,86.980003,84.089996,84.519997,5615600,38.450864
2007-05-11,84.519997,84.919998,83.699997,84.209999,5864400,38.309836
2007-05-14,83.900002,85.040001,83.739998,84.059998,4635200,38.241596
2007-05-15,84.480003,85.75,83.68,83.809998,5194400,38.127863
2007-05-16,84.230003,84.620003,81.599998,83.209999,8671400,37.854904
2007-05-17,82.809998,84.080002,82.730003,83.809998,2973000,38.127863
2007-05-18,84.110001,86.510002,83.949997,85.970001,4860200,39.110518
2007-05-21,86.260002,87.32,85.529999,87.120003,3985400,39.63369
2007-05-22,87.43,87.449997,85.879997,85.93,3640800,39.09232
2007-05-23,85.68,86.379997,85.25,85.639999,3350600,38.960389
2007-05-24,85.849998,86.169998,83.089996,83.5,4641000,37.986835
2007-05-25,84.0,84.949997,83.110001,83.82,2972400,38.132413
2007-05-29,84.349998,85.129997,83.93,84.190002,3065400,38.300739
2007-05-30,84.0,86.480003,83.849998,86.309998,4237800,39.265193
2007-05-31,87.68,88.660004,86.800003,87.889999,4231600,39.983987
2007-06-01,44.900002,44.950001,43.779999,44.43,4084800,40.425271
2007-06-04,44.490002,44.970001,44.139999,44.450001,2449900,40.443469
2007-06-05,44.560001,44.700001,43.630001,43.919998,2244000,39.961239
2007-06-06,43.32,43.57,42.59,42.82,2909600,38.960389
2007-06-07,42.48,42.919998,40.869999,41.32,4466800,37.595593
2007-06-08,41.330002,42.52,41.130001,42.32,3636100,38.505457
2007-06-11,42.48,43.43,42.349998,42.82,2329100,38.960389
2007-06-12,42.650002,43.82,42.419998,43.41,11227800,39.497209
2007-06-13,43.5,44.349998,43.41,44.0,4187400,40.034029
2007-06-14,44.400002,45.0,44.009998,44.619999,2480700,40.598144
2007-06-15,44.990002,45.93,44.709999,45.700001,3489500,41.580799
2007-06-18,45.860001,45.889999,45.02,45.310001,1579000,41.225953
2007-06-19,45.139999,45.310001,44.549999,44.779999,3791400,40.743723
2007-06-20,45.009998,45.080002,43.150002,43.32,3098500,39.415321
2007-06-21,43.369999,43.68,42.389999,43.509998,3293200,39.588194
2007-06-22,43.560001,43.57,42.27,42.41,7606400,38.587345
2007-06-25,42.740002,42.959999,41.939999,42.220001,7025700,38.414472
2007-06-26,42.459999,43.029999,41.200001,41.369999,2899100,37.641085
2007-06-27,41.0,42.150002,40.380001,42.009998,7415600,38.223398
2007-06-28,42.189999,42.48,41.509998,41.580002,4005400,37.83216
2007-06-29,41.73,42.349998,41.040001,41.57,2985300,37.823059
2007-07-02,41.93,42.59,41.700001,42.400002,2807600,38.578248
2007-07-03,42.669998,42.939999,42.23,42.529999,813900,38.696528
2007-07-05,42.439999,43.0,42.290001,42.93,1853400,39.060475
2007-07-06,42.950001,43.139999,42.5,42.990002,1219800,39.115068
2007-07-09,43.23,43.580002,43.080002,43.360001,2034000,39.451717
2007-07-10,43.310001,43.549999,42.830002,42.990002,2482500,39.115068
2007-07-11,43.18,43.48,42.290001,42.459999,2534000,38.632838
2007-07-12,42.799999,43.939999,42.759998,43.740002,3141800,39.797466
2007-07-13,43.990002,44.369999,43.740002,44.0,1890700,40.034029
2007-07-16,44.009998,44.720001,43.82,43.900002,2255500,39.943044
2007-07-17,44.18,44.669998,43.93,43.939999,2164000,39.979436
2007-07-18,43.849998,43.990002,43.400002,43.720001,3367300,39.779269
2007-07-19,44.130001,44.549999,43.580002,44.439999,3539700,40.434369
2007-07-20,44.549999,44.740002,43.41,43.740002,4052700,39.797466
2007-07-23,44.16,44.200001,43.52,43.689999,2070900,39.75197
2007-07-24,43.16,43.310001,40.610001,40.900002,5757400,37.213452
2007-07-25,41.369999,42.009998,39.639999,40.119999,7474500,36.503755
2007-07-26,38.5,39.310001,37.110001,37.73,14059600,34.32918
2007-07-27,37.599998,38.439999,36.400002,36.650002,7158900,33.346528
2007-07-30,37.07,39.32,37.07,38.849998,7113300,35.348227
2007-07-31,39.459999,39.970001,38.41,38.549999,5774400,35.075268
2007-08-01,38.52,39.290001,38.02,39.099998,6343200,35.575693
2007-08-02,39.439999,45.080002,23.030001,40.099998,10238700,36.485557
2007-08-03,40.75,40.919998,39.02,39.18,3965000,35.648484
2007-08-06,39.18,39.689999,38.189999,39.299999,5377000,35.757667
2007-08-07,39.110001,41.110001,38.959999,40.869999,4901900,37.186153
2007-08-08,40.509998,42.360001,40.509998,42.049999,4692700,38.259793
2007-08-09,40.990002,41.720001,39.450001,40.560001,6119500,36.904098
2007-08-10,40.0,40.200001,39.0,39.25,5627500,35.712174
2007-08-13,40.639999,41.310001,39.799999,40.029999,3512800,36.421867
2007-08-14,39.919998,40.200001,39.259998,39.41,2528400,35.857752
2007-08-15,39.150002,39.860001,38.380001,38.59,2873400,35.111664
2007-08-16,38.150002,38.259998,34.759998,36.700001,10779500,33.392021
2007-08-17,39.509998,39.509998,35.459999,36.830002,11981600,33.510304
2007-08-20,37.049999,37.459999,36.049999,36.84,3505900,33.519401
2007-08-21,38.549999,38.549999,36.669998,37.07,3310300,33.72867
2007-08-22,37.619999,38.23,37.310001,38.07,3725600,34.638534
2007-08-23,38.150002,38.919998,37.939999,38.5,5819600,35.029776
2007-08-24,38.650002,39.540001,38.040001,39.43,2816900,35.87595
2007-08-27,39.330002,39.450001,38.419998,38.77,2483200,35.27544
2007-08-28,38.27,38.91,37.580002,37.700001,2438600,34.301885
2007-08-29,37.84,38.459999,37.700001,38.23,1527700,34.784112
2007-08-30,37.889999,38.389999,37.43,38.110001,1558600,34.674929
2007-08-31,38.299999,38.68,37.830002,38.09,1819500,34.656732
2007-09-04,38.139999,39.709999,38.09,39.419998,2807900,35.866849
2007-09-05,39.41,39.41,38.610001,39.029999,3452200,35.512003
2007-09-06,39.080002,40.02,38.869999,39.970001,2525000,36.367277
2007-09-07,39.700001,39.860001,38.75,39.139999,2325800,35.612088
2007-09-10,39.529999,39.619999,38.080002,38.360001,2667600,34.902395
2007-09-11,38.740002,38.869999,38.299999,38.82,1621400,35.320932
2007-09-12,38.740002,39.290001,38.52,38.939999,3180000,35.430115
2007-09-13,39.189999,39.27,38.560001,38.779999,2027300,35.284537
2007-09-14,38.689999,39.419998,38.509998,39.119999,1605300,35.593891
2007-09-17,38.950001,38.98,38.490002,38.799999,1521100,35.302734
2007-09-18,38.950001,40.259998,38.630001,40.259998,3432800,36.631135
2007-09-19,40.549999,41.299999,40.5,40.939999,3085900,37.249843
2007-09-20,40.900002,40.919998,40.209999,40.330002,1744600,36.694829
2007-09-21,40.610001,41.400002,40.349998,41.200001,2904700,37.48641
2007-09-24,41.009998,42.080002,41.0,41.810001,2593500,38.041428
2007-09-25,41.310001,42.049999,41.169998,41.779999,2159600,38.01413
2007-09-26,41.869999,42.540001,41.709999,42.0,2977800,38.214301
2007-09-27,42.599998,42.759998,41.959999,42.57,1791200,38.732923
2007-09-28,42.490002,42.84,41.5,42.290001,3046200,38.478162
2007-10-01,42.169998,42.93,42.080002,42.93,1653000,39.060475
2007-10-02,42.849998,42.939999,41.959999,42.540001,1416000,38.705628
2007-10-03,42.25,43.060001,42.200001,42.66,1185600,38.814811
2007-10-04,42.869999,43.240002,42.599998,43.110001,1302800,39.224251
2007-10-05,43.43,44.299999,43.32,43.709999,1855100,39.770168
2007-10-08,43.73,44.07,43.650002,43.799999,1015700,39.852056
2007-10-09,43.700001,44.220001,43.630001,44.209999,1375100,40.2251
2007-10-10,43.439999,44.080002,43.16,43.650002,1410200,39.715578
2007-10-11,43.91,46.32,43.91,44.610001,5053400,40.589047
2007-10-12,44.82,45.610001,43.799999,45.400002,2465300,41.307841
2007-10-15,45.400002,45.419998,44.400002,44.950001,1604900,40.898401
2007-10-16,44.959999,45.610001,44.5,45.389999,2684900,41.29874
2007-10-17,45.700001,46.630001,45.18,46.369999,4396700,42.190407
2007-10-18,46.200001,47.060001,46.009998,46.900002,2391300,42.672637
2007-10-19,47.0,47.189999,45.529999,46.0,3651900,41.853758
2007-10-22,46.029999,46.18,44.509998,45.119999,3042500,41.053077
2007-10-23,45.650002,45.720001,44.470001,44.84,2100900,40.798316
2007-10-24,45.040001,45.299999,43.799999,44.849998,2704300,40.807413
2007-10-25,45.0,45.200001,44.27,44.720001,2464100,40.689133
2007-10-26,44.91,45.099998,44.150002,44.799999,2194300,40.76192
2007-10-29,44.900002,45.669998,44.68,45.439999,1526300,41.344233
2007-10-30,45.48,46.200001,45.209999,45.66,2078200,41.544404
2007-10-31,45.700001,46.110001,44.919998,45.66,4018700,41.544404
2007-11-01,45.650002,45.66,44.290001,44.5,2750100,40.488962
2007-11-02,46.25,46.560001,45.049999,45.419998,4123700,41.326035
2007-11-05,40.880001,46.07,40.880001,45.400002,2449300,41.307841
2007-11-06,45.360001,46.02,45.25,45.68,3570700,41.562602
2007-11-07,45.75,45.75,44.060001,44.209999,2816100,40.2251
2007-11-08,44.75,44.91,43.400002,43.84,2985400,39.888451
2007-11-09,43.439999,43.439999,41.610001,41.740002,4664500,37.977738
2007-11-12,42.0,42.41,40.310001,40.52,4983500,36.867702
2007-11-13,40.630001,41.029999,40.110001,40.950001,3163300,37.258944
2007-11-14,41.0,41.459999,40.610001,40.709999,1985600,37.040575
2007-11-15,40.700001,40.759998,39.900002,40.16,2781000,36.54015
2007-11-16,40.139999,40.48,39.07,39.619999,2691000,36.048823
2007-11-19,39.57,39.82,39.009998,39.52,2941900,35.957838
2007-11-20,39.52,40.419998,39.189999,39.549999,3042800,35.985133
2007-11-21,39.110001,39.59,38.830002,39.189999,2233600,35.657581
2007-11-23,39.759998,39.759998,38.790001,39.139999,844600,35.612088
2007-11-26,38.860001,40.700001,38.860001,39.779999,3039800,36.194401
2007-11-27,40.240002,40.650002,39.459999,39.900002,3623600,36.303587
2007-11-28,39.790001,41.970001,39.790001,41.779999,3359200,38.01413
2007-11-29,41.48,42.75,41.27,42.23,3897600,38.423569
2007-11-30,42.5,42.720001,41.529999,42.389999,3907600,38.569147
2007-12-03,42.799999,42.799999,41.880001,42.220001,2469100,38.414472
2007-12-04,42.07,42.07,40.599998,41.57,4522000,37.823059
2007-12-05,41.630001,42.52,41.630001,42.52,2966300,38.687431
2007-12-06,42.299999,43.060001,42.200001,42.990002,1859600,39.115068
2007-12-07,43.43,43.700001,42.740002,43.330002,2309500,39.424422
2007-12-10,43.610001,43.68,42.349998,42.68,3487200,38.833009
2007-12-11,42.68,43.189999,41.580002,41.700001,2614600,37.941342
2007-12-12,42.080002,42.880001,41.779999,42.290001,2501900,38.478162
2007-12-13,42.259998,42.259998,41.48,41.900002,1548100,38.123316
2007-12-14,41.77,42.299999,41.639999,41.869999,1613000,38.096018
2007-12-17,41.41,41.75,40.970001,41.279999,1207400,37.559197
2007-12-18,41.68,41.689999,40.5,40.669998,3293800,37.00418
2007-12-19,40.880001,41.150002,40.610001,40.950001,2351300,37.258944
2007-12-20,41.279999,41.860001,40.66,41.860001,1680100,38.08692
2007-12-21,42.009998,43.41,42.0,43.209999,4593700,39.315236
2007-12-24,42.610001,43.68,42.610001,42.84,616700,38.978587
2007-12-26,42.59,43.330002,42.509998,43.0,2447300,39.124165
2007-12-27,42.959999,43.619999,42.849998,43.119999,1444900,39.233348
2007-12-28,43.220001,43.34,42.939999,43.209999,1137600,39.315236
2007-12-31,43.23,43.509998,43.02,43.34,1011900,39.433519
2008-01-02,43.709999,43.959999,42.540001,42.82,1768200,38.960389
2008-01-03,42.82,42.939999,42.09,42.200001,2212200,38.396274
2008-01-04,41.880001,41.889999,41.23,41.419998,2104800,37.686578
2008-01-07,41.419998,41.82,40.080002,40.189999,4329500,36.567445
2008-01-08,40.009998,40.73,39.029999,39.560001,9245100,35.994233
2008-01-09,39.27,40.130001,38.279999,39.279999,5235700,35.739469
2008-01-10,39.080002,39.889999,38.919998,39.540001,3090700,35.976036
2008-01-11,39.720001,41.310001,39.720001,40.490002,3835000,36.840407
2008-01-14,41.290001,41.290001,39.689999,40.98,2137800,37.286239
2008-01-15,40.73,40.990002,39.34,39.419998,4755500,35.866849
2008-01-16,39.009998,39.610001,37.32,38.459999,6862100,34.99338
2008-01-17,38.34,38.610001,36.330002,36.939999,6400700,33.610386
2008-01-18,37.09,37.889999,36.75,37.48,7818100,34.101714
2008-01-22,35.720001,37.599998,35.720001,36.689999,6325700,33.38292
2008-01-23,35.529999,37.18,34.560001,37.16,11978600,33.810557
2008-01-24,37.419998,38.0,36.529999,37.490002,11886200,34.110814
2008-01-25,37.900002,38.0,37.200001,37.529999,2568200,34.147206
2008-01-28,37.360001,37.48,36.799999,37.400002,3368800,34.028926
2008-01-29,37.41,37.939999,37.169998,37.700001,3058100,34.301885
2008-01-30,38.200001,39.720001,37.669998,37.720001,4247200,34.320083
2008-01-31,38.009998,38.790001,37.27,38.59,4187900,35.111664
2008-02-01,38.52,39.610001,38.52,39.580002,3910900,36.012431
2008-02-04,39.740002,40.450001,39.669998,40.299999,2304600,36.667531
2008-02-05,40.110001,40.240002,39.200001,39.279999,5236700,35.739469
2008-02-06,39.57,40.029999,38.970001,39.09,2471800,35.566596
2008-02-07,38.580002,38.610001,37.82,38.220001,5747000,34.775015
2008-02-08,38.200001,38.5,37.509998,37.779999,2481800,34.374672
2008-02-11,37.799999,38.360001,37.259998,38.220001,2765200,34.775015
2008-02-12,38.220001,39.130001,38.119999,38.77,4492400,35.27544
2008-02-13,38.759998,39.16,38.5,38.610001,2048100,35.129861
2008-02-14,38.700001,39.450001,38.25,38.549999,1776200,35.075268
2008-02-15,38.540001,39.310001,38.299999,39.18,2057600,35.648484
2008-02-19,39.450001,40.32,39.290001,40.169998,2115700,36.549248
2008-02-20,39.619999,40.16,39.349998,39.889999,1595600,36.294487
2008-02-21,40.259998,40.509998,39.470001,39.5,2090500,35.93964
2008-02-22,39.619999,40.080002,39.23,39.799999,1602900,36.212599
2008-02-25,39.619999,40.990002,39.610001,40.700001,3027400,37.031478
2008-02-26,40.389999,41.560001,40.389999,41.360001,2704700,37.631988
2008-02-27,41.09,41.66,40.450001,40.740002,6320300,37.067873
2008-02-28,41.619999,42.0,41.09,41.41,4335800,37.677481
2008-02-29,41.380001,41.459999,40.41,41.27,4748700,37.5501
2008-03-03,41.150002,41.759998,40.990002,41.630001,3882100,37.877652
2008-03-04,41.189999,42.630001,41.139999,42.389999,4832300,38.569147
2008-03-05,42.41,42.889999,42.099998,42.720001,2643800,38.869404
2008-03-06,42.529999,42.689999,42.139999,42.23,3414600,38.423569
2008-03-07,42.189999,42.599998,41.32,42.209999,5496700,38.405372
2008-03-10,42.43,42.48,41.66,41.799999,5833900,38.032327
2008-03-11,42.639999,42.970001,42.02,42.73,4637300,38.878501
2008-03-12,42.970001,43.0,42.599998,42.700001,2455800,38.851207
2008-03-13,42.209999,42.73,41.84,42.509998,4413700,38.67833
2008-03-14,42.689999,42.82,40.509998,41.25,5554300,37.531903
2008-03-17,40.220001,40.720001,39.209999,39.849998,10845600,36.258091
2008-03-18,40.5,40.779999,39.650002,40.369999,2742200,36.731221
2008-03-19,40.630001,40.799999,38.84,39.0,8426900,35.484708
2008-03-20,38.68,38.75,37.630001,37.970001,7445500,34.547549
2008-03-24,38.009998,38.09,37.490002,37.549999,13809500,34.165404
2008-03-25,37.459999,38.279999,37.459999,37.939999,6700900,34.520251
2008-03-26,38.389999,38.970001,38.0,38.59,4712700,35.111664
2008-03-27,38.599998,39.860001,38.41,38.919998,3881500,35.411917
2008-03-28,38.939999,39.32,38.310001,38.459999,2386800,34.99338
2008-03-31,39.0,39.25,38.59,38.990002,2507000,35.475611
2008-04-01,39.290001,40.34,39.27,40.049999,2545200,36.440065
2008-04-02,40.279999,40.59,39.490002,39.650002,4113200,36.076121
2008-04-03,39.389999,39.490002,38.360001,39.209999,3839300,35.675779
2008-04-04,39.09,40.709999,39.09,40.220001,2524800,36.594744
2008-04-07,40.529999,40.59,39.490002,39.5,2287900,35.93964
2008-04-08,39.400002,39.59,39.049999,39.32,1686400,35.775864
2008-04-09,39.57,40.580002,39.5,39.900002,3150900,36.303587
2008-04-10,40.700001,41.220001,40.509998,40.799999,4969800,37.122463
2008-04-11,40.450001,40.919998,40.16,40.419998,1541300,36.776714
2008-04-14,40.470001,41.599998,40.150002,41.529999,2301100,37.786664
2008-04-15,41.619999,42.34,41.470001,42.299999,2411000,38.487259
2008-04-16,42.400002,43.169998,41.959999,42.84,3114000,38.978587
2008-04-17,42.630001,43.779999,42.630001,43.669998,3347400,39.733773
2008-04-18,44.0,44.610001,43.619999,44.43,3427600,40.425271
2008-04-21,44.299999,44.98,44.049999,44.869999,2973900,40.82561
2008-04-22,44.849998,45.779999,44.23,44.779999,6030600,40.743723
2008-04-23,44.990002,45.110001,44.450001,44.84,1868600,40.798316
2008-04-24,45.310001,45.310001,43.900002,44.630001,1532500,40.607245
2008-04-25,44.84,44.990002,43.849998,44.110001,4664100,40.134115
2008-04-28,44.41,44.959999,44.209999,44.959999,2244200,40.907498
2008-04-29,44.950001,45.0,43.700001,44.099998,2648500,40.125015
2008-04-30,44.080002,44.310001,43.560001,43.950001,2493100,39.988537
2008-05-01,43.950001,43.970001,42.41,42.669998,7455200,38.823908
2008-05-02,42.439999,43.330002,42.400002,43.130001,4841100,39.242449
2008-05-05,42.880001,43.919998,42.880001,43.810001,2582800,39.861157
2008-05-06,43.459999,43.77,43.150002,43.68,2139400,39.742873
2008-05-07,43.549999,43.689999,42.110001,42.34,2634200,38.523655
2008-05-08,42.66,42.689999,42.029999,42.439999,2348900,38.61464
2008-05-09,42.279999,42.610001,42.0,42.459999,2361900,38.632838
2008-05-12,42.41,42.900002,42.25,42.77,2378300,38.914897
2008-05-13,43.0,43.25,42.830002,43.040001,2152300,39.160561
2008-05-14,43.299999,43.459999,42.860001,42.98,1910200,39.105967
2008-05-15,42.880001,43.029999,42.619999,42.959999,1487300,39.08777
2008-05-16,42.900002,43.990002,42.900002,43.799999,1986500,39.852056
2008-05-19,43.84,44.279999,43.549999,44.080002,2718300,40.10682
2008-05-20,42.950001,43.490002,41.869999,42.150002,10620700,38.350782
2008-05-21,41.849998,42.990002,41.849998,42.509998,4077300,38.67833
2008-05-22,40.919998,41.150002,40.18,40.349998,11876300,36.713023
2008-05-23,40.349998,40.48,39.759998,40.0,4925000,36.394572
2008-05-27,39.779999,40.41,39.779999,40.360001,4834000,36.722124
2008-05-28,40.5,41.130001,40.290001,41.029999,3302700,37.331731
2008-05-29,40.799999,41.32,40.549999,40.810001,2744800,37.131564
2008-05-30,40.759998,41.790001,40.299999,41.59,6584300,37.841257
2008-06-02,41.279999,42.200001,41.16,41.59,2576700,37.841257
2008-06-03,41.52,42.130001,41.52,41.779999,2236600,38.01413
2008-06-04,41.689999,42.799999,41.509998,42.75,4604800,38.896699
2008-06-05,42.610001,43.5,42.509998,43.349998,4345300,39.442616
2008-06-06,43.310001,43.400002,42.400002,42.41,2748800,38.587345
2008-06-09,42.66,43.490002,41.869999,43.259998,1674700,39.360728
2008-06-10,43.07,43.5,42.459999,43.369999,1480800,39.460814
2008-06-11,43.18,43.48,42.900002,42.990002,1350800,39.115068
2008-06-12,43.209999,43.290001,42.759998,43.07,1499000,39.187855
2008-06-13,43.369999,43.900002,43.130001,43.82,2289900,39.870254
2008-06-16,43.82,44.34,43.43,44.200001,1221900,40.216003
2008-06-17,44.200001,44.400002,43.849998,44.09,2404500,40.115917
2008-06-18,43.970001,43.98,43.27,43.529999,1570500,39.606392
2008-06-19,43.220001,43.619999,43.130001,43.470001,2776600,39.551803
2008-06-20,43.310001,43.540001,42.689999,43.049999,1952600,39.169658
2008-06-23,43.279999,43.470001,42.669998,42.970001,4236400,39.09687
2008-06-24,42.740002,43.169998,42.599998,42.98,2231300,39.105967
2008-06-25,43.279999,43.939999,43.099998,43.439999,6047100,39.524504
2008-06-26,43.240002,43.52,42.450001,42.669998,3801600,38.823908
2008-06-27,42.700001,42.849998,42.200001,42.279999,2987000,38.469062
2008-06-30,42.240002,43.18,42.09,42.900002,2685200,39.03318
2008-07-01,42.689999,43.509998,42.299999,43.330002,3128900,39.424422
2008-07-02,43.619999,43.950001,42.900002,42.970001,2423000,39.09687
2008-07-03,42.93,43.119999,41.689999,41.970001,1746900,38.187006
2008-07-07,42.130001,42.66,39.290001,39.950001,4286000,36.34908
2008-07-08,40.099998,40.349998,38.509998,39.310001,5723200,35.766767
2008-07-09,39.48,40.470001,39.290001,40.0,3049000,36.394572
2008-07-10,40.02,40.040001,39.310001,39.689999,2303100,36.112513
2008-07-11,39.689999,40.299999,39.130001,39.580002,1850200,36.012431
2008-07-14,39.709999,39.98,38.43,38.779999,1764200,35.284537
2008-07-15,38.259998,38.77,37.630001,38.209999,5524900,34.765914
2008-07-16,38.029999,38.52,37.139999,37.25,3828000,33.892445
2008-07-17,37.279999,37.889999,35.959999,36.18,4334700,32.918891
2008-07-18,36.18,36.970001,36.02,36.689999,4227500,33.38292
2008-07-21,36.900002,38.869999,36.700001,38.849998,3566100,35.348227
2008-07-22,38.830002,38.900002,37.619999,37.77,3691100,34.365575
2008-07-23,37.5,37.990002,35.75,36.709999,6796500,33.401118
2008-07-24,36.599998,36.619999,34.380001,34.880001,7041000,31.736068
2008-07-25,35.029999,36.049999,34.709999,35.790001,3505800,32.564044
2008-07-28,35.799999,36.27,34.439999,34.57,4163900,31.454009
2008-07-29,36.91,36.91,34.790001,35.84,11380100,32.609537
2008-07-30,35.919998,37.029999,35.380001,36.720001,2973700,33.410218
2008-07-31,36.599998,36.720001,35.970001,36.290001,2764400,33.018977
2008-08-01,36.889999,37.169998,36.02,36.259998,5411000,32.991678
2008-08-04,36.07,36.400002,33.470001,33.650002,5479200,30.616935
2008-08-05,33.59,33.779999,32.439999,32.919998,5711400,29.952731
2008-08-06,32.689999,34.220001,32.57,33.990002,4032100,30.926289
2008-08-07,34.02,34.099998,33.009998,33.75,4155500,30.70792
2008-08-08,33.900002,33.900002,33.09,33.57,2991300,30.544144
2008-08-11,34.099998,34.57,33.77,33.950001,5428500,30.889894
2008-08-12,33.869999,34.220001,33.099998,33.529999,10678900,30.507749
2008-08-13,33.34,36.09,33.310001,35.82,8576000,32.591339
2008-08-14,35.880001,35.880001,34.860001,35.220001,3326300,32.045422
2008-08-15,37.09,38.150002,36.009998,37.150002,10778200,33.80146
2008-08-18,37.689999,38.75,37.25,38.080002,5914200,34.647634
2008-08-19,38.34,38.34,37.349998,37.75,4122200,34.347378
2008-08-20,37.990002,38.790001,37.75,38.740002,2863900,35.248145
2008-08-21,38.799999,38.880001,38.009998,38.619999,3507300,35.138959
2008-08-22,38.799999,39.240002,38.310001,38.75,1301600,35.257242
2008-08-25,38.700001,38.709999,37.959999,38.290001,1309600,34.838705
2008-08-26,38.099998,38.91,38.099998,38.650002,1418000,35.166257
2008-08-27,38.59,39.099998,38.59,38.880001,1992000,35.375525
2008-08-28,38.740002,39.09,37.91,38.110001,2279800,34.674929
2008-08-29,38.0,38.32,37.5,37.639999,1307000,34.247292
2008-09-02,37.900002,37.900002,36.540001,36.669998,3352000,33.364722
2008-09-03,36.5,36.709999,34.790001,35.130001,4684400,31.963534
2008-09-04,35.299999,35.310001,34.049999,34.18,3468000,31.099162
2008-09-05,34.27,34.57,33.099998,34.040001,5459400,30.971782
2008-09-08,34.959999,35.0,32.59,32.75,5288600,29.798056
2008-09-09,32.75,32.830002,29.459999,30.25,15985200,27.523395
2008-09-10,30.67,31.92,30.0,31.4,8307800,28.569739
2008-09-11,30.969999,32.450001,29.889999,32.040001,5867700,29.152053
2008-09-12,31.49,33.630001,31.49,33.389999,5402400,30.380369
2008-09-15,32.27,32.27,29.469999,29.719999,6655400,27.041167
2008-09-16,28.92,29.540001,26.74,28.190001,11076300,25.649075
2008-09-17,27.99,28.030001,24.860001,25.15,11356800,22.883087
2008-09-18,26.49,28.51,25.35,27.110001,11176000,24.666422
2008-09-19,29.93,33.0,28.1,30.59,8380400,27.832749
2008-09-22,30.77,30.9,28.370001,28.43,5652900,25.867443
2008-09-23,29.110001,29.43,27.33,27.719999,4146800,25.221438
2008-09-24,28.049999,28.09,27.16,27.58,3556100,25.094058
2008-09-25,27.49,28.809999,27.290001,27.93,5667400,25.41251
2008-09-26,27.48,27.719999,26.190001,26.41,4955700,24.029516
2008-09-29,26.01,26.190001,22.200001,23.559999,13922500,21.436403
2008-09-30,23.879999,25.0,22.870001,24.75,13272300,22.519142
2008-10-01,24.67,24.75,23.290001,23.92,3395900,21.763954
2008-10-02,23.85,23.85,21.17,21.9,8722000,19.926028
2008-10-03,22.219999,23.51,21.299999,21.780001,5879900,19.816845
2008-10-06,20.98,20.99,18.4,20.24,6837600,18.415653
2008-10-07,21.780001,21.780001,17.17,17.59,6633200,16.004513
2008-10-08,17.01,18.809999,16.25,17.76,10076600,16.15919
2008-10-09,18.0,18.4,16.42,16.780001,5385900,15.267524
2008-10-10,15.72,17.18,14.39,15.17,8930600,13.802642
2008-10-13,16.879999,19.17,16.24,18.889999,8312100,17.187336
2008-10-14,20.26,21.969999,18.6,19.549999,10413900,17.787846
2008-10-15,19.0,19.549999,18.0,18.110001,7770900,16.477643
2008-10-16,18.01,18.9,16.57,18.18,7001100,16.541333
2008-10-17,17.5,20.200001,17.42,19.33,5767200,17.587677
2008-10-20,24.01,25.4,21.16,25.0,26349100,22.746608
2008-10-21,24.110001,25.219999,24.030001,24.620001,11828300,22.40086
2008-10-22,24.280001,24.280001,20.4,21.879999,10866900,19.90783
2008-10-23,21.74,22.74,20.299999,21.860001,7216100,19.889634
2008-10-24,20.799999,20.969999,19.48,20.200001,5245800,18.37926
2008-10-27,20.23,20.719999,18.860001,19.32,4352700,17.578578
2008-10-28,20.379999,20.549999,17.879999,19.9,5849700,18.106299
2008-10-29,20.33,22.5,20.049999,22.0,6349600,20.017015
2008-10-30,22.620001,24.379999,22.049999,24.379999,4984300,22.182491
2008-10-31,24.0,24.379999,23.25,23.25,3796000,21.154345
2008-11-03,22.76,23.559999,22.26,22.450001,3236400,20.426454
2008-11-04,23.370001,24.969999,23.01,24.5,7990600,22.291676
2008-11-05,24.41,24.41,23.24,24.0,2658600,21.836743
2008-11-06,23.309999,24.0,21.360001,21.75,2774000,19.789549
2008-11-07,21.780001,23.92,21.709999,23.860001,3097500,21.709363
2008-11-10,23.719999,24.0,21.33,22.559999,3982100,20.526538
2008-11-11,22.57,23.82,21.67,23.049999,4199800,20.972372
2008-11-12,21.879999,23.0,21.43,21.6,2681800,19.653069
2008-11-13,21.639999,23.85,20.299999,23.85,3838300,21.700264
2008-11-14,23.540001,23.67,21.9,22.65,2663400,20.608426
2008-11-17,22.5,22.780001,21.530001,22.32,2019500,20.308171
2008-11-18,22.09,22.940001,21.219999,22.09,2424300,20.098903
2008-11-19,22.0,22.6,20.0,20.0,3136700,18.197286
2008-11-20,19.67,19.879999,15.7,16.52,8982900,15.030959
2008-11-21,16.99,19.209999,16.629999,19.0,5335400,17.287422
2008-11-24,19.5,21.379999,19.5,21.0,5565500,19.10715
2008-11-25,20.030001,22.549999,20.030001,22.26,5137900,20.25358
2008-11-26,22.65,23.040001,21.959999,22.700001,3206200,20.65392
2008-11-28,22.41,23.690001,22.41,23.690001,1232900,21.554686
2008-12-01,23.5,23.700001,21.620001,22.07,2907000,20.080705
2008-12-02,22.110001,23.02,21.450001,23.02,2773700,20.945077
2008-12-03,23.0,23.469999,21.870001,23.1,1922300,21.017866
2008-12-04,22.51,23.969999,21.58,22.17,5221800,20.171692
2008-12-05,21.75,23.5,21.5,23.5,2887500,21.381811
2008-12-08,23.99,24.370001,23.0,23.299999,3460900,21.199838
2008-12-09,22.74,23.4,22.41,22.91,3163800,20.844991
2008-12-10,22.84,24.32,22.700001,24.32,2767200,22.1279
2008-12-11,24.25,24.440001,22.969999,23.1,2949800,21.017866
2008-12-12,22.26,23.790001,22.26,23.73,1759900,21.59108
2008-12-15,24.219999,25.15,21.76,21.76,3168400,19.798648
2008-12-16,22.780001,22.790001,21.85,22.43,2961700,20.408257
2008-12-17,22.09,22.32,21.58,21.58,3704300,19.634872
2008-12-18,22.93,22.93,21.120001,21.120001,5294200,19.216335
2008-12-19,21.219999,21.85,21.200001,21.67,2694700,19.71676
2008-12-22,21.620001,21.82,20.1,20.950001,2408900,19.061658
2008-12-23,21.110001,21.110001,19.809999,20.4,2786700,18.561232
2008-12-24,20.209999,20.35,19.870001,20.27,599800,18.44295
2008-12-26,20.549999,21.6,20.540001,21.57,897700,19.625773
2008-12-29,21.41,21.450001,20.17,20.75,1476100,18.879684
2008-12-30,20.66,21.440001,20.360001,21.4,2290200,19.471096
2008-12-31,21.139999,23.6,21.139999,23.33,3779000,21.227134
2009-01-02,23.280001,24.0,23.120001,23.639999,2214300,21.509192
2009-01-05,23.57,23.68,23.15,23.559999,2478200,21.436403
2009-01-06,23.879999,24.73,23.65,24.610001,4556500,22.391761
2009-01-07,24.799999,24.799999,23.290001,23.370001,3859600,21.26353
2009-01-08,23.120001,24.23,22.99,24.110001,3929200,21.936829
2009-01-09,24.25,24.469999,23.450001,23.700001,2762600,21.563785
2009-01-12,23.700001,24.23,23.360001,24.1,2424200,21.92773
2009-01-13,23.99,24.190001,23.030001,23.5,1176100,21.381811
2009-01-14,23.0,23.35,22.129999,23.34,1553100,21.236233
2009-01-15,23.43,23.43,22.52,23.4,1534700,21.290824
2009-01-16,23.73,24.25,23.27,23.860001,1375000,21.709363
2009-01-20,23.959999,24.0,22.18,22.4,2816600,20.38096
2009-01-21,22.75,22.75,21.33,22.66,2491700,20.617525
2009-01-22,22.4,23.200001,21.99,22.4,1700500,20.38096
2009-01-23,21.799999,23.469999,21.799999,22.6,3137000,20.562934
2009-01-26,22.940001,23.969999,22.799999,23.459999,2468400,21.345416
2009-01-27,23.35,23.790001,22.879999,22.879999,1493200,20.817695
2009-01-28,23.290001,24.190001,23.209999,23.879999,1914600,21.727559
2009-01-29,23.799999,24.360001,23.43,23.549999,864100,21.427304
2009-01-30,24.08,24.09,22.799999,23.360001,1440800,21.254431
2009-02-02,23.129999,23.65,22.6,23.209999,1123300,21.11795
2009-02-03,23.450001,24.32,23.200001,24.32,857200,22.1279
2009-02-04,24.309999,25.0,24.280001,24.690001,1467600,22.46455
2009-02-05,24.57,24.809999,23.889999,24.700001,1195900,22.473649
2009-02-06,24.780001,25.1,24.32,25.1,1303300,22.837594
2009-02-09,24.950001,25.379999,24.65,24.879999,1568600,22.637423
2009-02-10,24.809999,25.25,24.049999,24.549999,1741700,22.337168
2009-02-11,24.65,24.65,23.25,23.49,2850700,21.372712
2009-02-12,23.799999,23.799999,21.75,22.049999,5726000,20.062507
2009-02-13,22.110001,22.6,21.91,22.32,2946000,20.308171
2009-02-17,21.290001,21.629999,19.879999,19.879999,4394900,18.088102
2009-02-18,20.51,20.51,19.51,19.68,2559300,17.90613
2009-02-19,19.93,20.209999,19.73,19.92,2303100,18.124497
2009-02-20,19.629999,20.129999,18.6,19.799999,3548600,18.015313
2009-02-23,20.040001,21.32,19.200001,19.23,3596200,17.49669
2009-02-24,19.48,20.68,19.209999,20.6,2767200,18.743205
2009-02-25,20.49,20.780001,19.98,20.620001,3242300,18.761403
2009-02-26,21.950001,21.950001,19.68,19.700001,3091000,17.924328
2009-02-27,19.360001,19.48,18.59,18.9,2691400,17.196435
2009-03-02,18.5,18.889999,18.139999,18.559999,2743100,16.887081
2009-03-03,18.639999,18.879999,17.200001,17.450001,3507100,15.877133
2009-03-04,17.73,18.0,17.27,17.75,4718400,16.150091
2009-03-05,17.6,17.6,17.0,17.6,2650200,16.013612
2009-03-06,17.1,18.34,17.040001,18.34,3517000,16.686912
2009-03-09,17.98,18.559999,17.219999,17.4,2164500,15.831639
2009-03-10,17.610001,18.6,16.57,16.91,6541800,15.385805
2009-03-11,17.0,17.030001,15.19,16.34,6090900,14.867183
2009-03-12,16.219999,16.889999,15.92,16.59,2402600,15.094649
2009-03-13,16.889999,17.33,16.700001,17.209999,2703100,15.658764
2009-03-16,17.24,18.299999,17.08,17.969999,1904000,16.350261
2009-03-17,17.84,18.129999,17.67,17.85,2593200,16.241078
2009-03-18,17.870001,18.1,16.959999,17.91,2777500,16.29567
2009-03-19,18.040001,18.120001,17.35,17.77,2968800,16.168289
2009-03-20,17.77,17.92,17.25,17.35,1669500,15.786146
2009-03-23,18.040001,18.040001,17.35,17.99,2919200,16.368459
2009-03-24,17.879999,18.0,17.25,17.27,2688100,15.713357
2009-03-25,17.34,17.559999,16.799999,17.129999,3278100,15.585975
2009-03-26,17.32,17.540001,17.08,17.370001,3614100,15.804344
2009-03-27,17.049999,17.690001,17.049999,17.59,1695300,16.004513
2009-03-30,17.52,17.52,16.92,17.049999,1919700,15.513186
2009-03-31,17.34,17.700001,17.219999,17.6,3827300,16.013612
2009-04-01,17.65,17.65,16.969999,17.139999,2362200,15.595074
2009-04-02,17.559999,18.790001,17.379999,18.6,9173600,16.923476
2009-04-03,18.74,19.49,18.25,19.4,3720200,17.651367
2009-04-06,19.25,19.67,18.950001,19.299999,3677000,17.56038
2009-04-07,19.209999,19.209999,18.629999,18.700001,1809100,17.014463
2009-04-08,18.68,19.0,18.4,18.9,2990100,17.196435
2009-04-09,19.299999,19.950001,18.9,19.41,2204700,17.660466
2009-04-13,19.35,19.4,18.33,18.33,2007300,16.677813
2009-04-14,18.41,18.73,18.040001,18.4,1924200,16.741503
2009-04-15,18.450001,18.58,17.940001,18.58,2629000,16.905279
2009-04-16,18.9,18.9,17.790001,17.950001,3434200,16.332065
2009-04-17,18.110001,18.200001,17.84,17.889999,2281800,16.277472
2009-04-20,17.700001,17.9,17.43,17.59,2556700,16.004513
2009-04-21,17.75,17.879999,17.540001,17.780001,2230500,16.177388
2009-04-22,17.719999,18.120001,17.309999,17.610001,2886200,16.022711
2009-04-23,17.76,17.9,17.18,17.58,2686600,15.995414
2009-04-24,17.799999,17.870001,16.91,17.309999,3408800,15.749751
2009-04-27,17.139999,17.67,17.01,17.35,2302700,15.786146
2009-04-28,17.290001,17.34,16.5,16.5,4131000,15.012761
2009-04-29,16.73,17.469999,16.719999,17.18,2308200,15.631469
2009-04-30,17.82,18.139999,17.459999,17.98,4098300,16.35936
2009-05-01,18.01,19.0,17.790001,18.98,3465300,17.269224
2009-05-04,19.07,19.700001,18.99,19.48,4994100,17.724156
2009-05-05,19.33,19.860001,19.030001,19.77,4536300,17.988018
2009-05-06,19.780001,19.969999,19.0,19.16,2380300,17.433
2009-05-07,19.34,19.620001,19.1,19.290001,1529700,17.551283
2009-05-08,19.639999,21.4,19.610001,21.190001,4762600,19.280025
2009-05-11,20.83,21.43,20.620001,20.639999,1775400,18.779599
2009-05-12,20.549999,21.25,20.52,20.92,3299000,19.034361
2009-05-13,20.75,20.75,19.940001,20.15,2460400,18.333765
2009-05-14,19.950001,20.35,19.84,20.25,1280200,18.424752
2009-05-15,19.969999,20.0,19.07,19.58,3378500,17.815143
2009-05-18,19.299999,19.700001,19.120001,19.299999,2195200,17.56038
2009-05-19,19.26,20.07,19.26,20.07,2392500,18.260976
2009-05-20,20.110001,20.32,19.780001,19.889999,1947500,18.0972
2009-05-21,19.610001,19.610001,18.940001,19.15,1479700,17.423901
2009-05-22,19.23,19.26,18.690001,19.02,4051500,17.30562
2009-05-26,19.09,20.75,18.65,20.65,5765000,18.788698
2009-05-27,20.790001,21.719999,20.459999,21.620001,7159000,19.671267
2009-05-28,21.629999,22.25,21.48,22.190001,5032500,20.189889
2009-05-29,22.200001,22.610001,21.719999,22.5,5610000,20.471947
2009-06-01,22.549999,23.719999,22.549999,23.719999,5078100,21.581981
2009-06-02,23.35,24.139999,22.969999,23.049999,6158700,20.972372
2009-06-03,23.110001,23.4,20.809999,21.389999,4851800,19.461997
2009-06-04,22.25,22.48,21.790001,22.370001,3085000,20.353665
2009-06-05,22.629999,23.030001,22.15,22.26,4600200,20.25358
2009-06-08,22.34,22.48,21.76,22.09,2284600,20.098903
2009-06-09,22.26,22.809999,22.1,22.49,3025000,20.462848
2009-06-10,22.65,23.809999,22.6,23.620001,4768600,21.490996
2009-06-11,23.66,24.540001,23.639999,24.23,3649600,22.046012
2009-06-12,24.120001,24.700001,23.67,24.370001,2595400,22.173394
2009-06-15,24.23,24.25,22.799999,23.209999,1774400,21.11795
2009-06-16,23.389999,23.49,22.6,22.9,1454700,20.835892
2009-06-17,23.469999,23.469999,22.450001,22.75,2118100,20.699413
2009-06-18,23.190001,23.91,23.0,23.700001,2098900,21.563785
2009-06-19,23.91,24.24,23.6,23.82,2545800,21.672968
2009-06-22,23.690001,23.719999,23.08,23.110001,1120100,21.026965
2009-06-23,23.0,23.24,22.42,22.889999,3786200,20.826793
2009-06-24,23.07,23.66,22.780001,23.440001,2667500,21.32722
2009-06-25,23.84,24.200001,23.440001,23.809999,5907400,21.663869
2009-06-26,23.780001,23.809999,23.299999,23.799999,4009400,21.65477
2009-06-29,24.049999,24.950001,23.65,24.950001,6078300,22.701115
2009-06-30,24.74,25.959999,24.559999,25.959999,5803300,23.620077
2009-07-01,26.200001,26.200001,25.25,26.049999,6489500,23.701964
2009-07-02,25.299999,25.52,24.5,24.799999,8710600,22.564634
2009-07-06,24.17,24.299999,23.48,23.51,5410100,21.39091
2009-07-07,23.58,23.67,21.940001,22.08,4685100,20.089804
2009-07-08,22.49,23.35,22.389999,23.35,6307700,21.245332
2009-07-09,23.700001,24.58,23.24,23.98,4790300,21.818546
2009-07-10,23.67,24.690001,22.32,23.24,7622900,21.145246
2009-07-13,23.559999,23.67,22.5,23.629999,6493500,21.500093
2009-07-14,23.99,24.870001,23.780001,24.85,5937400,22.610128
2009-07-15,25.1,25.620001,24.43,24.860001,7301800,22.619227
2009-07-16,24.84,24.84,23.85,24.719999,3004700,22.491845
2009-07-17,24.73,24.91,23.709999,24.389999,2596300,22.19159
2009-07-20,24.76,24.76,23.540001,23.549999,4268400,21.427304
2009-07-21,23.959999,25.110001,22.299999,24.82,12569200,22.582832
2009-07-22,24.51,24.73,24.02,24.6,3178500,22.382662
2009-07-23,24.6,25.84,24.43,25.83,6107800,23.501795
2009-07-24,25.639999,26.91,25.52,26.91,4592900,24.484448
2009-07-27,26.75,27.299999,26.75,27.129999,4973000,24.684618
2009-07-28,26.76,27.059999,26.02,26.299999,2269800,23.929431
2009-07-29,26.309999,26.48,25.889999,26.48,2901000,24.093206
2009-07-30,27.280001,27.790001,27.0,27.440001,4330500,24.966677
2009-07-31,27.620001,27.620001,26.75,27.209999,2562800,24.757407
2009-08-03,27.74,28.74,27.42,28.709999,4043100,26.122203
2009-08-04,28.809999,28.809999,28.030001,28.389999,2367400,25.831047
2009-08-05,28.26,28.370001,27.33,27.76,2897900,25.257833
2009-08-06,27.799999,28.43,27.610001,27.85,2682700,25.339721
2009-08-07,28.030001,28.17,27.129999,27.67,2608400,25.175945
2009-08-10,27.620001,28.9,27.620001,28.84,3633800,26.240487
2009-08-11,28.530001,29.26,28.32,28.4,3694100,25.840146
2009-08-12,28.52,28.690001,27.940001,27.99,2678000,25.467102
2009-08-13,28.309999,28.549999,27.799999,28.4,3505100,25.840146
2009-08-14,28.700001,29.0,28.02,28.950001,3397000,26.340572
2009-08-17,28.629999,28.65,27.49,27.700001,2961900,25.203242
2009-08-18,27.83,27.879999,27.33,27.85,2660700,25.339721
2009-08-19,27.74,28.719999,27.24,28.35,2826000,25.794653
2009-08-20,28.23,28.440001,28.120001,28.290001,3351300,25.740062
2009-08-21,28.629999,28.629999,28.07,28.09,3128000,25.558089
2009-08-24,28.08,28.5,27.99,28.08,1896700,25.54899
2009-08-25,28.35,28.389999,27.83,28.110001,2316800,25.576286
2009-08-26,27.93,28.1,27.450001,27.75,2617800,25.248735
2009-08-27,27.65,27.9,27.48,27.5,2784600,25.021268
2009-08-28,27.799999,27.85,27.1,27.76,2887100,25.257833
2009-08-31,27.370001,27.809999,26.559999,26.85,4641500,24.429857
2009-09-01,26.9,27.530001,26.51,26.65,2999900,24.247883
2009-09-02,26.530001,26.57,25.75,25.879999,3905300,23.547287
2009-09-03,26.09,26.200001,25.809999,26.200001,2051800,23.838446
2009-09-04,26.360001,26.620001,25.969999,26.59,1853400,24.193292
2009-09-08,26.84,27.129999,26.450001,26.5,2163600,24.111404
2009-09-09,26.610001,26.799999,26.299999,26.700001,1735300,24.293378
2009-09-10,26.67,26.870001,26.360001,26.48,2108300,24.093206
2009-09-11,26.67,27.02,26.549999,26.75,2312200,24.33887
2009-09-14,26.52,27.41,26.51,27.290001,2296700,24.830198
2009-09-15,27.27,28.299999,27.16,28.26,3527700,25.712766
2009-09-16,28.27,29.139999,28.16,29.129999,3537900,26.504346
2009-09-17,29.07,29.25,28.290001,28.450001,5080200,25.88564
2009-09-18,28.530001,28.6,27.809999,27.9,2252800,25.385214
2009-09-21,27.76,28.200001,27.18,28.030001,1797200,25.503497
2009-09-22,28.25,28.969999,28.17,28.4,1853900,25.840146
2009-09-23,28.530001,28.530001,27.530001,27.620001,2401600,25.130453
2009-09-24,27.73,27.84,26.85,26.98,1694000,24.548139
2009-09-25,27.08,27.299999,26.82,26.889999,1204000,24.466251
2009-09-28,27.0,27.440001,26.809999,27.15,1340600,24.702816
2009-09-29,27.25,28.610001,27.25,28.57,2910800,25.994823
2009-09-30,28.77,28.77,27.68,28.190001,2433700,25.649075
2009-10-01,28.0,28.299999,26.709999,26.889999,3091800,24.466251
2009-10-02,26.799999,26.799999,25.379999,26.209999,3889100,23.847543
2009-10-05,26.4,27.629999,26.18,27.469999,2724500,24.993972
2009-10-06,27.709999,27.719999,27.049999,27.32,2909200,24.857493
2009-10-07,27.17,27.309999,26.700001,26.9,2460000,24.475349
2009-10-08,26.83,27.200001,26.42,27.15,2852900,24.702816
2009-10-09,27.09,27.66,27.08,27.57,1920100,25.084959
2009-10-12,27.76,28.42,27.66,28.370001,2696200,25.812851
2009-10-13,28.129999,28.389999,27.709999,28.17,1257400,25.630878
2009-10-14,28.379999,29.129999,28.379999,29.01,2313200,26.395164
2009-10-15,28.77,29.129999,28.690001,29.07,2847300,26.449755
2009-10-16,28.74,29.1,28.5,28.76,1540500,26.167698
2009-10-19,28.879999,29.18,28.41,28.889999,987200,26.285979
2009-10-20,28.9,28.940001,28.040001,28.25,1213000,25.703667
2009-10-21,27.77,28.02,27.209999,27.5,4526300,25.021268
2009-10-22,27.370001,27.690001,26.459999,27.299999,3389400,24.839295
2009-10-23,27.299999,27.4,26.639999,26.9,2672000,24.475349
2009-10-26,27.07,27.559999,26.030001,26.049999,2008800,23.701964
2009-10-27,26.25,26.290001,25.190001,25.6,3237400,23.292527
2009-10-28,25.5,25.540001,24.42,24.809999,5523700,22.573733
2009-10-29,25.059999,25.25,23.41,24.139999,6745400,21.964124
2009-10-30,24.209999,24.25,22.940001,22.99,7119300,20.91778
2009-11-02,23.26,23.860001,22.82,23.309999,4462800,21.208936
2009-11-03,23.299999,23.469999,22.860001,23.280001,4211300,21.181642
2009-11-04,23.360001,24.1,23.360001,23.59,3736000,21.463699
2009-11-05,23.77,24.030001,23.5,23.809999,3864200,21.663869
2009-11-06,23.59,24.139999,23.450001,23.76,5511200,21.618376
2009-11-09,23.959999,24.549999,23.870001,24.48,3757100,22.273478
2009-11-10,24.290001,24.950001,24.290001,24.65,3591000,22.428155
2009-11-11,24.719999,24.99,24.530001,24.66,3483600,22.437254
2009-11-12,24.57,24.879999,23.41,23.41,5132100,21.299923
2009-11-13,23.610001,24.6,23.34,23.799999,3725200,21.65477
2009-11-16,24.1,24.49,24.0,24.290001,2796700,22.100605
2009-11-17,24.280001,24.41,23.93,24.360001,2417700,22.164295
2009-11-18,24.360001,24.51,24.02,24.35,3578500,22.155196
2009-11-19,24.129999,24.34,23.200001,23.4,4463700,21.290824
2009-11-20,23.18,23.969999,23.15,23.809999,3309500,21.663869
2009-11-23,24.129999,24.23,23.889999,24.01,3299800,21.845842
2009-11-24,23.91,24.1,23.58,23.860001,2915600,21.709363
2009-11-25,23.51,24.24,23.0,24.15,4527300,21.973223
2009-11-27,23.530001,24.15,23.309999,23.91,1100300,21.754855
2009-11-30,23.870001,24.24,23.77,23.940001,3619100,21.782152
2009-12-01,24.08,24.559999,24.040001,24.48,2728700,22.273478
2009-12-02,24.559999,25.0,24.440001,24.59,3482900,22.373563
2009-12-03,24.690001,24.780001,24.110001,24.110001,2912800,21.936829
2009-12-04,24.379999,24.549999,23.459999,24.34,3952800,22.146097
2009-12-07,24.379999,25.030001,24.379999,24.620001,3725400,22.40086
2009-12-08,24.57,24.6,24.07,24.23,3754000,22.046012
2009-12-09,24.23,24.780001,24.030001,24.18,5566400,22.000519
2009-12-10,24.360001,24.6,24.1,24.549999,4156100,22.337168
2009-12-11,24.870001,25.110001,24.75,25.040001,4480300,22.783003
2009-12-14,25.24,25.65,25.24,25.57,1814500,23.26523
2009-12-15,25.450001,25.85,25.35,25.85,2023600,23.519993
2009-12-16,25.99,26.15,25.59,25.620001,2328800,23.310724
2009-12-17,25.559999,25.889999,25.23,25.52,2113800,23.219738
2009-12-18,25.68,25.790001,25.370001,25.450001,1507500,23.156047
2009-12-21,25.690001,25.799999,25.4,25.43,1878300,23.13785
2009-12-22,25.4,25.59,24.84,24.870001,1621400,22.628326
2009-12-23,24.9,24.99,24.360001,24.4,2415400,22.200689
2009-12-24,24.639999,24.75,24.33,24.639999,689600,22.419056
2009-12-28,24.700001,24.74,24.059999,24.209999,1583900,22.027814
2009-12-29,24.290001,24.34,23.940001,23.940001,2498000,21.782152
2009-12-30,23.950001,24.07,23.66,23.92,1433400,21.763954
2009-12-31,23.9,24.0,23.610001,23.610001,1024900,21.481897
2010-01-04,23.780001,24.129999,23.700001,23.870001,1683700,21.718462
2010-01-05,23.959999,24.280001,23.809999,24.24,3473400,22.055111
2010-01-06,24.25,24.790001,24.110001,24.77,2719300,22.537339
2010-01-07,24.790001,25.24,24.73,24.91,3200800,22.66472
2010-01-08,24.809999,25.01,24.48,24.5,1694600,22.291676
2010-01-11,24.690001,25.0,24.690001,24.73,2128700,22.500944
2010-01-12,24.6,24.6,24.0,24.040001,3446100,21.873139
2010-01-13,24.129999,24.35,24.09,24.299999,2704100,22.109702
2010-01-14,24.25,24.34,24.0,24.049999,2016600,21.882236
2010-01-15,24.620001,25.129999,24.309999,24.4,4573900,22.200689
2010-01-19,24.299999,25.15,24.299999,25.15,3141600,22.883087
2010-01-20,25.040001,25.049999,24.5,24.67,3770000,22.446353
2010-01-21,24.629999,24.84,23.99,24.0,4069800,21.836743
2010-01-22,25.15,25.540001,24.59,24.73,16160300,22.500944
2010-01-25,24.91,25.09,24.799999,24.940001,5075600,22.692016
2010-01-26,24.93,25.040001,24.73,24.92,3794800,22.673819
2010-01-27,25.219999,25.700001,24.639999,24.99,11804700,22.737509
2010-01-28,25.110001,25.25,24.51,24.719999,52002800,22.491845
2010-01-29,24.540001,24.690001,24.049999,24.110001,8070400,21.936829
2010-02-01,24.15,24.23,23.559999,23.9,6514500,21.745757
2010-02-02,23.889999,23.889999,23.389999,23.559999,6373100,21.436403
2010-02-03,23.42,23.549999,23.049999,23.110001,3993600,21.026965
2010-02-04,23.0,23.0,22.049999,22.1,5576400,20.108002
2010-02-05,22.09,22.129999,21.379999,21.709999,5825600,19.753153
2010-02-08,21.82,22.01,21.559999,21.59,3785300,19.643971
2010-02-09,21.860001,22.27,21.74,21.889999,4363100,19.916929
2010-02-10,21.9,21.91,21.34,21.66,3560600,19.707661
2010-02-11,21.950001,22.280001,21.68,22.219999,4536200,20.217184
2010-02-12,22.049999,22.07,21.65,22.059999,4044000,20.071606
2010-02-16,22.129999,22.49,22.1,22.49,2689900,20.462848
2010-02-17,22.549999,22.76,22.41,22.59,3466400,20.553835
2010-02-18,22.41,22.65,22.280001,22.57,4348400,20.535637
2010-02-19,22.59,23.450001,22.440001,23.200001,5192300,21.108853
2010-02-22,23.42,23.52,23.049999,23.07,3992000,20.990569
2010-02-23,22.5,22.879999,22.200001,22.26,5158300,20.25358
2010-02-24,22.33,22.5,21.57,21.860001,5536400,19.889634
2010-02-25,21.42,22.129999,21.360001,22.07,5194900,20.080705
2010-02-26,22.110001,22.24,21.6,21.84,5076400,19.871437
2010-03-01,21.889999,22.66,21.879999,22.58,4454300,20.544736
2010-03-02,22.66,22.969999,22.639999,22.67,5342400,20.626624
2010-03-03,22.74,22.98,22.48,22.5,4167100,20.471947
2010-03-04,22.41,22.43,22.0,22.299999,5632700,20.289973
2010-03-05,22.34,23.02,22.34,22.82,4665700,20.763103
2010-03-08,22.799999,23.030001,22.700001,22.9,1857500,20.835892
2010-03-09,22.83,22.98,22.719999,22.75,2425900,20.699413
2010-03-10,22.700001,22.83,22.559999,22.639999,2847600,20.599327
2010-03-11,22.559999,22.940001,22.52,22.940001,2830900,20.872288
2010-03-12,22.73,22.879999,22.07,22.190001,5232100,20.189889
2010-03-15,22.16,22.35,22.02,22.27,2323500,20.262679
2010-03-16,22.309999,22.52,22.129999,22.5,2155700,20.471947
2010-03-17,22.5,22.639999,22.379999,22.469999,2610400,20.44465
2010-03-18,22.59,22.6,21.959999,22.02,5028000,20.035212
2010-03-19,22.059999,22.35,21.799999,22.059999,5196100,20.071606
2010-03-22,21.98,22.030001,21.59,21.620001,3602500,19.671267
2010-03-23,21.610001,21.719999,21.51,21.58,5733800,19.634872
2010-03-24,21.34,21.57,21.030001,21.17,5763500,19.261827
2010-03-25,20.93,21.049999,20.280001,20.32,5807500,18.488442
2010-03-26,20.280001,20.58,20.200001,20.25,4812200,18.424752
2010-03-29,20.34,20.629999,20.299999,20.6,4323100,18.743205
2010-03-30,20.700001,21.17,20.58,21.09,4447200,19.189038
2010-03-31,21.02,21.120001,20.85,20.9,3365700,19.016164
2010-04-01,21.08,21.6,21.059999,21.459999,3671500,19.525687
2010-04-05,21.549999,21.809999,21.459999,21.65,4275700,19.698562
2010-04-06,21.620001,21.74,21.4,21.639999,3130600,19.689463
2010-04-07,21.5,21.620001,21.389999,21.450001,4468000,19.51659
2010-04-08,21.370001,21.76,21.17,21.66,3457600,19.707661
2010-04-09,21.51,21.84,21.290001,21.799999,3709900,19.835041
2010-04-12,21.950001,22.629999,21.950001,22.41,4397600,20.390059
2010-04-13,22.49,22.610001,22.02,22.549999,3212500,20.517439
2010-04-14,22.530001,22.540001,22.299999,22.49,2744100,20.462848
2010-04-15,22.5,22.76,22.26,22.700001,2654300,20.65392
2010-04-16,22.620001,22.690001,21.83,21.85,4905000,19.880535
2010-04-19,21.83,22.110001,21.74,22.059999,3068800,20.071606
2010-04-20,22.190001,22.57,22.049999,22.52,3791200,20.490145
2010-04-21,22.49,22.549999,22.190001,22.34,3873500,20.326369
2010-04-22,22.17,22.450001,21.93,22.41,3013600,20.390059
2010-04-23,22.48,22.83,22.219999,22.77,2549700,20.717611
2010-04-26,22.959999,23.440001,22.870001,23.32,3625700,21.218035
2010-04-27,23.129999,23.93,23.049999,23.58,5623700,21.4546
2010-04-28,23.639999,23.67,23.25,23.559999,3160700,21.436403
2010-04-29,23.67,23.940001,23.549999,23.790001,2839600,21.645673
2010-04-30,23.860001,24.74,23.799999,24.17,4368600,21.99142
2010-05-03,24.34,25.190001,24.08,25.17,4493800,22.901285
2010-05-04,24.83,25.0,24.120001,24.27,4764000,22.082407
2010-05-05,23.940001,24.17,23.4,23.690001,3849500,21.554686
2010-05-06,23.59,23.59,21.799999,22.76,7584900,20.708512
2010-05-07,22.75,23.35,22.1,22.639999,6342400,20.599327
2010-05-10,23.629999,23.91,21.85,22.07,9064300,20.080705
2010-05-11,21.790001,22.52,21.74,21.969999,3958600,19.989718
2010-05-12,21.99,23.4,21.99,23.379999,4579700,21.272627
2010-05-13,23.299999,24.049999,23.139999,23.42,3741800,21.309022
2010-05-14,23.219999,23.25,22.4,22.709999,4148800,20.663018
2010-05-17,22.74,23.0,22.209999,22.700001,3261600,20.65392
2010-05-18,22.620001,23.15,22.370001,22.6,4485900,20.562934
2010-05-19,22.389999,22.68,22.030001,22.49,4047300,20.462848
2010-05-20,21.940001,21.940001,21.459999,21.51,5259800,19.571181
2010-05-21,21.25,21.940001,21.0,21.799999,5556900,19.835041
2010-05-24,21.610001,22.059999,21.5,21.6,2288500,19.653069
2010-05-25,20.98,21.719999,20.49,21.690001,4464600,19.734957
2010-05-26,21.9,22.52,21.67,22.110001,5666300,20.1171
2010-05-27,22.559999,23.030001,22.450001,23.02,3385900,20.945077
2010-05-28,23.040001,23.629999,23.030001,23.35,2945600,21.245332
2010-06-01,23.059999,23.120001,22.18,22.18,3578200,20.180791
2010-06-02,22.219999,22.83,22.15,22.809999,2796300,20.754004
2010-06-03,22.91,23.5,22.74,23.42,5539100,21.309022
2010-06-04,23.0,23.09,22.459999,22.51,5694000,20.481046
2010-06-07,22.799999,23.1,22.48,22.52,3004200,20.490145
2010-06-08,22.6,22.67,22.030001,22.530001,3377500,20.499243
2010-06-09,22.66,23.440001,22.549999,22.629999,6032400,20.590228
2010-06-10,23.299999,23.620001,23.049999,23.42,3944500,21.309022
2010-06-11,23.23,23.450001,22.559999,22.940001,3091700,20.872288
2010-06-14,23.17,23.51,22.889999,22.92,2519800,20.85409
2010-06-15,23.1,23.58,23.08,23.57,2760900,21.445501
2010-06-16,23.32,23.719999,23.17,23.34,3349800,21.236233
2010-06-17,23.27,23.42,23.030001,23.280001,2168800,21.181642
2010-06-18,23.24,23.76,23.24,23.639999,3833100,21.509192
2010-06-21,23.92,24.440001,23.42,23.6,2503500,21.472798
2010-06-22,23.41,23.469999,22.27,22.4,4460300,20.38096
2010-06-23,22.4,22.530001,22.01,22.209999,2362400,20.208085
2010-06-24,22.110001,22.58,21.719999,21.780001,1940200,19.816845
2010-06-25,21.790001,21.98,21.52,21.85,3231100,19.880535
2010-06-28,21.790001,22.110001,21.629999,21.99,2152000,20.007916
2010-06-29,21.75,21.75,21.110001,21.26,3362000,19.343715
2010-06-30,21.15,21.790001,21.059999,21.209999,4215400,19.298221
2010-07-01,21.24,21.360001,21.040001,21.190001,3249300,19.280025
2010-07-02,21.290001,21.51,21.0,21.0,2878100,19.10715
2010-07-06,21.360001,21.73,21.16,21.370001,2929700,19.443801
2010-07-07,21.43,22.17,21.389999,22.110001,3234600,20.1171
2010-07-08,22.4,22.440001,22.02,22.33,2763700,20.31727
2010-07-09,22.360001,22.629999,22.190001,22.629999,1519500,20.590228
2010-07-12,22.59,23.0,22.459999,23.0,1780000,20.926879
2010-07-13,23.200001,23.33,22.57,22.9,2621500,20.835892
2010-07-14,22.879999,23.0,22.370001,22.809999,1273200,20.754004
2010-07-15,22.74,22.950001,22.49,22.870001,1931900,20.808597
2010-07-16,22.76,22.82,22.200001,22.25,1577800,20.244481
2010-07-19,22.299999,22.6,22.01,22.459999,1677900,20.435551
2010-07-20,22.200001,22.58,21.93,22.540001,1904400,20.508342
2010-07-21,22.530001,22.66,21.889999,22.040001,2215600,20.05341
2010-07-22,22.360001,22.559999,22.209999,22.4,3248900,20.38096
2010-07-23,22.450001,22.959999,22.190001,22.889999,3622900,20.826793
2010-07-26,22.91,23.42,22.91,23.26,2278800,21.163444
2010-07-27,23.4,23.5,23.190001,23.440001,2214700,21.32722
2010-07-28,23.299999,23.540001,23.139999,23.17,1281900,21.081556
2010-07-29,23.27,23.280001,22.209999,22.42,2980900,20.399158
2010-07-30,22.23,22.82,21.959999,22.68,2927800,20.635723
2010-08-02,23.809999,23.809999,22.950001,23.0,4396000,20.926879
2010-08-03,22.940001,23.530001,22.75,23.24,2993800,21.145246
2010-08-04,23.32,23.41,22.76,23.190001,2391300,21.099754
2010-08-05,23.0,23.23,22.77,23.23,1538900,21.136147
2010-08-06,23.09,23.26,22.559999,22.99,2279900,20.91778
2010-08-09,23.0,23.209999,22.9,23.030001,1704900,20.954176
2010-08-10,22.790001,23.379999,22.549999,23.09,2899600,21.008767
2010-08-11,22.74,23.1,22.459999,22.57,6830800,20.535637
2010-08-12,22.25,22.719999,22.190001,22.41,2957600,20.390059
2010-08-13,22.299999,22.73,21.809999,21.959999,5426500,19.980619
2010-08-16,21.76,22.219999,21.49,21.92,3457700,19.944226
2010-08-17,22.1,22.1,21.77,21.950001,1955800,19.971522
2010-08-18,21.870001,21.98,21.610001,21.790001,3576400,19.825944
2010-08-19,21.709999,21.709999,21.200001,21.290001,2128600,19.371012
2010-08-20,21.139999,21.23,20.59,20.73,3299100,18.861487
2010-08-23,20.870001,21.25,20.74,20.809999,2735500,18.934276
2010-08-24,20.51,20.620001,20.26,20.32,3630900,18.488442
2010-08-25,20.190001,20.549999,20.15,20.469999,3375200,18.624922
2010-08-26,20.629999,20.690001,20.16,20.26,2285700,18.433851
2010-08-27,20.450001,20.709999,20.02,20.629999,2527100,18.7705
2010-08-30,20.610001,20.91,20.32,20.32,2353400,18.488442
2010-08-31,20.209999,20.66,20.040001,20.32,3616500,18.488442
2010-09-01,20.610001,21.1,20.469999,21.040001,3780700,19.143546
2010-09-02,21.049999,21.620001,20.940001,21.59,3140100,19.643971
2010-09-03,21.83,21.85,21.280001,21.65,2389000,19.698562
2010-09-07,21.559999,21.6,21.219999,21.27,2143900,19.352814
2010-09-08,21.309999,21.559999,21.280001,21.370001,1750700,19.443801
2010-09-09,21.620001,21.92,21.57,21.790001,1852700,19.825944
2010-09-10,21.870001,22.01,21.67,21.84,1895800,19.871437
2010-09-13,22.08,22.09,21.74,21.879999,1785800,19.90783
2010-09-14,21.799999,21.83,21.34,21.65,1408400,19.698562
2010-09-15,21.58,21.690001,21.49,21.66,1212000,19.707661
2010-09-16,21.559999,21.68,21.49,21.57,1354600,19.625773
2010-09-17,22.040001,22.040001,21.43,21.540001,2027800,19.598478
2010-09-20,21.09,21.280001,21.049999,21.26,3257000,19.343715
2010-09-21,21.200001,21.52,21.059999,21.110001,2586600,19.207236
2010-09-22,21.01,21.26,20.860001,21.01,2692000,19.116249
2010-09-23,20.879999,21.059999,20.58,20.6,4492200,18.743205
2010-09-24,20.879999,20.969999,20.68,20.75,3961600,18.879684
2010-09-27,20.73,20.92,20.67,20.700001,3249600,18.834192
2010-09-28,20.84,21.01,20.65,20.889999,3792400,19.007065
2010-09-29,20.790001,20.9,20.629999,20.809999,2071100,18.934276
2010-09-30,20.85,21.09,20.76,20.82,2070100,18.943375
2010-10-01,21.02,21.139999,20.889999,21.09,2774000,19.189038
2010-10-04,21.01,21.15,20.68,20.799999,2174500,18.925177
2010-10-05,21.01,21.360001,21.0,21.26,2806100,19.343715
2010-10-06,21.200001,21.48,21.200001,21.450001,2833100,19.51659
2010-10-07,21.540001,21.639999,21.4,21.49,1661700,19.552984
2010-10-08,21.51,21.51,21.25,21.309999,1862100,19.389208
2010-10-11,21.24,21.290001,21.08,21.139999,2208300,19.234531
2010-10-12,21.07,21.09,20.950001,20.98,4276000,19.088953
2010-10-13,21.02,21.309999,20.98,21.219999,1870400,19.30732
2010-10-14,21.15,21.219999,20.85,20.9,1895500,19.016164
2010-10-15,21.040001,21.040001,20.73,20.860001,1489500,18.97977
2010-10-18,20.879999,21.02,20.790001,20.860001,2099800,18.97977
2010-10-19,20.690001,20.790001,20.370001,20.459999,2700000,18.615823
2010-10-20,20.540001,20.76,20.450001,20.549999,1766200,18.697711
2010-10-21,20.68,20.809999,20.200001,20.34,2221600,18.50664
2010-10-22,20.360001,20.440001,20.030001,20.24,1422300,18.415653
2010-10-25,20.35,20.549999,20.059999,20.18,1238900,18.361062
2010-10-26,20.1,20.309999,19.9,20.139999,2289700,18.324667
2010-10-27,19.969999,20.049999,19.610001,19.91,2505600,18.115398
2010-10-28,20.01,20.18,19.73,19.790001,2189500,18.006215
2010-10-29,19.75,20.02,19.75,19.91,2429300,18.115398
2010-11-01,20.0,20.030001,19.629999,19.74,1976400,17.960721
2010-11-02,19.879999,19.98,19.780001,19.889999,1740200,18.0972
2010-11-03,19.969999,20.139999,19.74,20.040001,1819900,18.233682
2010-11-04,19.99,20.09,19.610001,19.93,4077000,18.133596
2010-11-05,19.969999,20.35,19.799999,20.1,4000800,18.288273
2010-11-08,20.25,20.26,19.969999,20.17,2182400,18.351963
2010-11-09,20.200001,20.41,20.07,20.209999,2274400,18.388357
2010-11-10,20.17,20.200001,19.73,20.07,1927400,18.260976
2010-11-11,19.99,20.219999,19.799999,20.16,1822900,18.342864
2010-11-12,20.07,20.07,19.540001,19.610001,2503300,17.84244
2010-11-15,19.66,19.889999,19.66,19.790001,1110400,18.006215
2010-11-16,19.639999,19.639999,19.200001,19.440001,4006800,17.687763
2010-11-17,19.48,19.690001,19.35,19.469999,2382100,17.715057
2010-11-18,19.610001,19.65,19.4,19.52,3290000,17.760552
2010-11-19,19.43,19.450001,19.110001,19.35,3671200,17.605875
2010-11-22,19.299999,19.610001,19.209999,19.58,2490200,17.815143
2010-11-23,19.51,19.51,19.23,19.4,2847000,17.651367
2010-11-24,19.459999,19.780001,19.43,19.76,2443100,17.978919
2010-11-26,19.610001,19.67,19.5,19.620001,1162300,17.851538
2010-11-29,19.52,19.58,19.379999,19.549999,2345000,17.787846
2010-11-30,19.389999,19.549999,19.360001,19.379999,7045200,17.633169
2010-12-01,19.6,19.700001,19.15,19.16,3920200,17.433
2010-12-02,19.17,19.32,19.09,19.190001,3420300,17.460297
2010-12-03,19.120001,19.219999,19.02,19.15,3282200,17.423901
2010-12-06,19.08,19.15,19.0,19.09,3592900,17.36931
2010-12-07,19.200001,19.23,18.85,18.85,4748800,17.150943
2010-12-08,18.92,18.98,18.57,18.610001,4500800,16.932575
2010-12-09,18.65,18.9,18.549999,18.75,2738700,17.059956
2010-12-10,18.91,18.93,18.629999,18.700001,3143700,17.014463
2010-12-13,18.91,19.190001,18.700001,18.74,3460800,17.050857
2010-12-14,18.719999,18.84,18.629999,18.68,2397700,16.996266
2010-12-15,18.65,18.790001,18.5,18.51,1942000,16.841589
2010-12-16,18.49,18.58,18.299999,18.309999,3028500,16.659615
2010-12-17,18.33,18.709999,18.219999,18.67,3597900,16.987167
2010-12-20,18.719999,18.82,18.530001,18.700001,1987300,17.014463
2010-12-21,18.77,18.790001,18.610001,18.690001,2913900,17.005364
2010-12-22,18.690001,19.15,18.66,19.1,2125100,17.378409
2010-12-23,19.1,19.23,18.93,19.190001,1934600,17.460297
2010-12-27,19.1,19.209999,19.0,19.17,1030800,17.442099
2010-12-28,19.17,19.290001,19.040001,19.23,1122600,17.49669
2010-12-29,19.23,19.620001,19.129999,19.559999,2369200,17.796945
2010-12-30,19.530001,19.709999,19.450001,19.549999,1644500,17.787846
2010-12-31,19.49,19.639999,19.27,19.540001,1976400,17.778749
2011-01-03,19.719999,20.01,19.57,19.83,2327200,18.042609
2011-01-04,19.85,19.889999,19.639999,19.84,1908600,18.051708
2011-01-05,19.73,19.780001,19.57,19.639999,2526500,17.869734
2011-01-06,19.639999,19.639999,19.41,19.52,2216100,17.760552
2011-01-07,19.530001,19.639999,19.370001,19.629999,3203900,17.860636
2011-01-10,20.49,20.549999,19.559999,19.77,4278800,17.988018
2011-01-11,19.799999,20.299999,19.780001,20.18,3707200,18.361062
2011-01-12,20.32,20.33,20.040001,20.120001,3210900,18.306471
2011-01-13,20.15,20.309999,20.09,20.23,2640700,18.406555
2011-01-14,20.24,20.27,20.129999,20.24,2143900,18.415653
2011-01-18,20.209999,20.27,20.110001,20.200001,1358100,18.37926
2011-01-19,20.219999,20.219999,19.84,20.049999,2847900,18.242779
2011-01-20,20.059999,20.57,20.049999,20.459999,3615000,18.615823
2011-01-21,20.639999,20.77,20.51,20.610001,3350200,18.752304
2011-01-24,20.65,20.73,20.379999,20.709999,2717200,18.843289
2011-01-25,20.68,21.01,20.629999,20.85,3134000,18.970671
2011-01-26,20.9,21.440001,20.870001,21.07,3976900,19.170841
2011-01-27,20.98,21.629999,20.98,21.530001,4466800,19.589379
2011-01-28,21.57,21.700001,20.91,20.99,4421300,19.098052
2011-01-31,21.08,21.200001,20.639999,20.75,3428500,18.879684
2011-02-01,20.860001,21.16,20.82,20.889999,2736300,19.007065
2011-02-02,20.860001,21.15,20.74,20.76,2541100,18.888783
2011-02-03,20.799999,21.360001,20.67,21.280001,2487000,19.361913
2011-02-04,21.25,21.25,20.629999,20.73,1966600,18.861487
2011-02-07,20.65,21.26,20.59,21.17,1828700,19.261827
2011-02-08,21.120001,21.120001,20.65,20.74,2151500,18.870586
2011-02-09,20.77,20.85,20.549999,20.68,1911700,18.815994
2011-02-10,20.59,20.879999,20.59,20.860001,1686700,18.97977
2011-02-11,20.76,21.040001,20.610001,20.9,2306400,19.016164
2011-02-14,20.85,20.91,20.559999,20.629999,2112200,18.7705
2011-02-15,20.65,20.92,20.58,20.879999,1985100,18.997966
2011-02-16,20.91,21.059999,20.629999,20.76,1366000,18.888783
2011-02-17,20.719999,20.92,20.66,20.84,1763000,18.961572
2011-02-18,20.84,21.059999,20.77,20.889999,2485100,19.007065
2011-02-22,20.530001,20.700001,19.9,19.969999,5522500,18.16999
2011-02-23,20.0,20.26,19.75,19.799999,3785400,18.015313
2011-02-24,19.84,19.870001,19.219999,19.299999,4950200,17.56038
2011-02-25,19.379999,19.700001,19.370001,19.549999,2309000,17.787846
2011-02-28,19.629999,20.049999,19.549999,19.99,3864700,18.188187
2011-03-01,20.02,20.190001,19.5,19.52,2273600,17.760552
2011-03-02,19.530001,19.639999,19.309999,19.360001,2571200,17.614974
2011-03-03,19.530001,19.76,19.299999,19.43,2130000,17.678664
2011-03-04,19.459999,19.6,19.200001,19.379999,2526600,17.633169
2011-03-07,19.379999,19.629999,19.129999,19.219999,2035100,17.487591
2011-03-08,19.16,19.639999,19.09,19.549999,2130500,17.787846
2011-03-09,19.530001,19.82,19.450001,19.780001,1836700,17.997117
2011-03-10,19.549999,19.629999,19.27,19.290001,2428100,17.551283
2011-03-11,19.219999,19.889999,19.190001,19.790001,2566200,18.006215
2011-03-14,19.32,20.540001,19.32,20.17,7252600,18.351963
2011-03-15,19.709999,20.26,19.690001,20.129999,4605100,18.315568
2011-03-16,20.059999,20.73,19.98,20.209999,8145100,18.388357
2011-03-17,20.52,20.66,20.26,20.5,3347300,18.652218
2011-03-18,20.68,20.77,20.440001,20.719999,3700700,18.852388
2011-03-21,20.9,21.0,20.799999,20.860001,2332700,18.97977
2011-03-22,20.950001,21.15,20.700001,21.1,3931000,19.198137
2011-03-23,21.0,21.190001,20.780001,21.08,2320700,19.17994
2011-03-24,21.129999,21.209999,20.82,21.139999,1991200,19.234531
2011-03-25,21.139999,21.5,21.1,21.33,2377100,19.407406
2011-03-28,21.32,21.440001,21.23,21.280001,2002900,19.361913
2011-03-29,21.299999,21.67,21.18,21.6,2052000,19.653069
2011-03-30,21.709999,21.950001,21.379999,21.84,3228100,19.871437
2011-03-31,21.82,21.82,21.49,21.540001,2161500,19.598478
2011-04-01,21.690001,21.799999,21.389999,21.65,1762800,19.698562
2011-04-04,21.65,21.700001,21.209999,21.379999,1655800,19.452898
2011-04-05,21.33,21.379999,21.049999,21.120001,2223900,19.216335
2011-04-06,21.25,21.469999,21.209999,21.32,2034100,19.398307
2011-04-07,21.32,21.870001,21.309999,21.799999,2750100,19.835041
2011-04-08,21.889999,21.959999,21.4,21.52,2321700,19.58028
2011-04-11,21.5,21.58,21.33,21.469999,2738300,19.534786
2011-04-12,21.450001,21.459999,21.25,21.34,3578200,19.416504
2011-04-13,21.33,21.66,21.299999,21.309999,2434100,19.389208
2011-04-14,21.18,21.5,21.139999,21.34,1871300,19.416504
2011-04-15,21.4,21.73,21.360001,21.66,2683500,19.707661
2011-04-18,21.459999,21.620001,21.09,21.49,2507200,19.552984
2011-04-19,21.459999,22.08,21.370001,21.879999,2751700,19.90783
2011-04-20,22.15,22.58,22.030001,22.459999,4266800,20.435551
2011-04-21,22.51,22.860001,22.4,22.860001,1943400,20.799499
2011-04-25,22.799999,22.809999,22.4,22.58,2346900,20.544736
2011-04-26,22.700001,23.41,22.67,23.33,5400000,21.227134
2011-04-27,23.389999,23.93,23.27,23.9,4015800,21.745757
2011-04-28,23.82,23.940001,23.52,23.93,2754100,21.773053
2011-04-29,23.879999,24.24,23.700001,24.200001,2129700,22.018717
2011-05-02,24.280001,24.299999,23.940001,24.120001,2199500,21.945928
2011-05-03,24.1,24.309999,23.719999,23.83,2958300,21.682066
2011-05-04,23.85,24.18,23.610001,23.809999,3078800,21.663869
2011-05-05,23.48,24.209999,23.450001,23.719999,3677700,21.581981
2011-05-06,23.98,24.370001,23.93,24.09,2371700,21.918631
2011-05-09,24.040001,24.42,23.940001,24.370001,2280900,22.173394
2011-05-10,24.49,25.139999,24.459999,24.950001,3840700,22.701115
2011-05-11,24.93,25.049999,24.780001,24.870001,3137300,22.628326
2011-05-12,24.85,24.870001,24.57,24.77,1946100,22.537339
2011-05-13,24.74,24.84,24.35,24.52,1534300,22.309873
2011-05-16,24.52,24.889999,24.43,24.690001,1996100,22.46455
2011-05-17,24.65,24.93,24.530001,24.639999,1748200,22.419056
2011-05-18,24.65,24.85,24.57,24.780001,1572800,22.546438
2011-05-19,24.780001,24.940001,24.709999,24.92,2675300,22.673819
2011-05-20,24.879999,25.540001,24.75,25.27,2976500,22.992271
2011-05-23,25.0,25.110001,24.6,24.700001,2959600,22.473649
2011-05-24,24.77,24.98,24.549999,24.59,3448300,22.373563
2011-05-25,24.52,24.84,24.370001,24.700001,2030400,22.473649
2011-05-26,24.66,24.77,24.48,24.709999,2026300,22.482746
2011-05-27,24.74,24.84,24.57,24.59,1501500,22.373563
2011-05-31,24.860001,24.959999,24.540001,24.76,3090700,22.52824
2011-06-01,24.719999,24.85,24.309999,24.309999,3049000,22.118801
2011-06-02,24.41,24.41,23.99,24.030001,2700500,21.86404
2011-06-03,23.75,24.1,23.6,23.889999,2281000,21.736658
2011-06-06,23.9,24.32,23.790001,23.799999,3142500,21.65477
2011-06-07,23.9,24.299999,23.860001,23.9,2143600,21.745757
2011-06-08,23.93,24.26,23.85,24.139999,2040800,21.964124
2011-06-09,24.129999,24.309999,24.01,24.1,1890800,21.92773
2011-06-10,24.09,24.16,23.74,23.790001,2158500,21.645673
2011-06-13,23.799999,23.83,23.5,23.629999,2288900,21.500093
2011-06-14,23.799999,23.93,23.530001,23.74,2053800,21.600178
2011-06-15,23.620001,23.77,22.959999,23.059999,3704900,20.98147
2011-06-16,23.120001,23.33,22.74,22.969999,3670700,20.899582
2011-06-17,23.16,23.58,23.049999,23.309999,5025400,21.208936
2011-06-20,23.200001,23.65,23.200001,23.49,2567800,21.372712
2011-06-21,23.65,23.889999,23.620001,23.719999,2494800,21.581981
2011-06-22,23.549999,23.780001,23.379999,23.4,2080000,21.290824
2011-06-23,23.110001,23.26,22.870001,23.23,2752800,21.136147
2011-06-24,23.219999,23.43,22.77,22.799999,2707900,20.744905
2011-06-27,22.799999,23.08,22.799999,23.059999,2125700,20.98147
2011-06-28,23.51,24.040001,23.440001,23.91,3791000,21.754855
2011-06-29,24.16,24.34,24.0,24.290001,3150400,22.100605
2011-06-30,24.379999,24.639999,24.25,24.58,2285500,22.364465
2011-07-01,24.5,24.889999,24.360001,24.799999,1965800,22.564634
2011-07-05,24.809999,24.809999,24.219999,24.219999,2703800,22.036913
2011-07-06,24.15,24.17,23.93,24.01,2020500,21.845842
2011-07-07,24.23,24.27,23.870001,24.23,3481100,22.046012
2011-07-08,24.01,24.23,23.860001,24.200001,2866600,22.018717
2011-07-11,23.9,23.93,23.309999,23.389999,2407100,21.281726
2011-07-12,23.360001,23.91,23.26,23.709999,3002800,21.572882
2011-07-13,23.84,24.42,23.75,23.99,3565700,21.827645
2011-07-14,23.99,24.6,23.950001,24.09,3327400,21.918631
2011-07-15,24.190001,24.459999,24.040001,24.299999,3011200,22.109702
2011-07-18,24.17,24.290001,24.059999,24.190001,2490300,22.009618
2011-07-19,24.370001,24.799999,24.34,24.790001,2164000,22.555537
2011-07-20,24.799999,24.99,24.52,24.57,1681400,22.355366
2011-07-21,24.75,24.969999,24.51,24.950001,1939100,22.701115
2011-07-22,25.01,25.02,24.68,24.75,1715800,22.519142
2011-07-25,24.889999,25.66,24.889999,25.41,2718700,23.119652
2011-07-26,25.33,25.33,25.110001,25.17,2027000,22.901285
2011-07-27,25.08,25.17,24.84,25.120001,3584700,22.855792
2011-07-28,25.110001,25.219999,24.83,24.85,1876200,22.610128
2011-07-29,24.620001,24.85,24.440001,24.52,1942300,22.309873
2011-08-01,24.76,24.809999,24.23,24.440001,1866200,22.237084
2011-08-02,24.280001,24.469999,23.67,23.690001,3090500,21.554686
2011-08-03,23.690001,23.780001,23.15,23.66,4389100,21.527389
2011-08-04,23.6,24.35,22.139999,22.16,5822900,20.162593
2011-08-05,22.48,23.030001,21.290001,22.16,7367400,20.162593
2011-08-08,21.65,22.530001,20.309999,20.35,7984500,18.515739
2011-08-09,20.639999,21.540001,19.98,21.48,6607000,19.543885
2011-08-10,20.93,21.5,20.379999,21.02,5836600,19.125348
2011-08-11,21.07,22.74,21.02,22.450001,4260200,20.426454
2011-08-12,22.67,23.01,22.17,22.27,2872300,20.262679
2011-08-15,22.43,22.969999,22.33,22.870001,3288400,20.808597
2011-08-16,22.540001,22.799999,22.23,22.440001,4190900,20.417356
2011-08-17,22.620001,23.040001,22.129999,22.26,2586200,20.25358
2011-08-18,21.780001,21.860001,21.08,21.790001,4254800,19.825944
2011-08-19,21.469999,21.959999,21.34,21.379999,2987900,19.452898
2011-08-22,21.83,21.93,21.0,21.190001,2972500,19.280025
2011-08-23,21.629999,21.809999,21.299999,21.719999,4035300,19.762252
2011-08-24,21.65,22.34,21.629999,22.309999,2316100,20.299072
2011-08-25,22.389999,22.469999,21.530001,21.59,2488100,19.643971
2011-08-26,21.5,22.059999,21.08,21.91,2375400,19.935127
2011-08-29,22.09,22.690001,22.09,22.639999,2168500,20.599327
2011-08-30,22.559999,22.780001,22.34,22.610001,2176700,20.572033
2011-08-31,22.84,23.559999,22.719999,23.440001,3389200,21.32722
2011-09-01,23.389999,23.84,23.389999,23.549999,2758800,21.427304
2011-09-02,23.09,23.33,22.84,23.16,1933100,21.072457
2011-09-06,22.5,22.809999,22.280001,22.799999,2636200,20.744905
2011-09-07,23.17,23.620001,23.110001,23.549999,2343200,21.427304
2011-09-08,23.5,24.059999,23.41,23.540001,2227800,21.418207
2011-09-09,23.309999,23.450001,22.629999,22.709999,3181100,20.663018
2011-09-12,22.52,22.959999,22.41,22.940001,1972800,20.872288
2011-09-13,23.1,23.209999,22.719999,23.18,2071200,21.090655
2011-09-14,23.209999,23.49,22.75,23.190001,2993100,21.099754
2011-09-15,23.35,23.879999,23.25,23.790001,2736900,21.645673
2011-09-16,23.870001,24.120001,23.370001,23.440001,4309600,21.32722
2011-09-19,23.0,23.08,22.74,22.969999,3018300,20.899582
2011-09-20,23.120001,23.620001,22.67,23.0,2778100,20.926879
2011-09-21,23.0,23.1,22.34,22.370001,4712800,20.353665
2011-09-22,21.77,21.879999,21.43,21.700001,4878600,19.744056
2011-09-23,21.530001,22.299999,21.51,21.76,3628200,19.798648
2011-09-26,21.91,22.120001,21.43,21.92,2450300,19.944226
2011-09-27,22.379999,22.42,21.620001,21.700001,3685200,19.744056
2011-09-28,21.809999,21.969999,21.190001,21.23,3859200,19.316419
2011-09-29,21.59,21.780001,21.32,21.639999,2843900,19.689463
2011-09-30,21.370001,21.610001,21.09,21.209999,2856800,19.298221
2011-10-03,21.0,21.139999,19.9,19.93,3661600,18.133596
2011-10-04,19.52,19.610001,18.65,19.57,5400000,17.806044
2011-10-05,19.58,20.549999,19.43,20.51,5305700,18.661317
2011-10-06,20.379999,21.110001,20.190001,20.83,3024300,18.952473
2011-10-07,20.92,20.92,20.15,20.4,3148500,18.561232
2011-10-10,20.73,20.92,20.639999,20.889999,1863600,19.007065
2011-10-11,20.67,21.040001,20.58,20.780001,2575700,18.906981
2011-10-12,21.0,21.23,20.690001,20.99,4147200,19.098052
2011-10-13,20.84,20.950001,20.469999,20.91,2477900,19.025263
2011-10-14,21.17,21.25,20.969999,21.139999,1505100,19.234531
2011-10-17,21.030001,21.16,20.469999,20.52,2066400,18.670416
2011-10-18,20.58,21.110001,20.34,21.030001,2876400,19.134447
2011-10-19,21.01,21.41,20.790001,20.889999,2788900,19.007065
2011-10-20,20.889999,20.99,20.450001,20.92,2390500,19.034361
2011-10-21,21.16,21.629999,21.08,21.43,2043800,19.498392
2011-10-24,21.42,21.67,21.209999,21.48,2257700,19.543885
2011-10-25,21.4,21.4,20.879999,20.92,1699000,19.034361
2011-10-26,21.200001,21.27,20.59,20.809999,2337000,18.934276
2011-10-27,21.299999,22.16,21.26,21.92,3638700,19.944226
2011-10-28,21.889999,21.92,21.57,21.709999,2878800,19.753153
2011-10-31,21.43,21.66,21.18,21.42,1975800,19.489294
2011-11-01,20.76,21.02,20.42,20.51,2520500,18.661317
2011-11-02,20.77,21.110001,20.75,21.0,2356700,19.10715
2011-11-03,21.09,22.459999,20.709999,21.690001,3774400,19.734957
2011-11-04,21.5,21.65,21.309999,21.52,3326000,19.58028
2011-11-07,21.450001,22.1,21.360001,21.959999,3328500,19.980619
2011-11-08,22.059999,22.610001,21.940001,22.57,2384100,20.535637
2011-11-09,21.91,22.040001,21.559999,21.620001,2704100,19.671267
2011-11-10,22.030001,22.129999,21.459999,21.639999,2535800,19.689463
2011-11-11,21.98,22.07,21.77,21.91,1573500,19.935127
2011-11-14,21.93,22.040001,21.52,21.59,1690900,19.643971
2011-11-15,21.530001,21.639999,21.360001,21.360001,2017000,19.434702
2011-11-16,21.190001,21.280001,20.82,20.870001,2783000,18.988869
2011-11-17,20.85,21.059999,20.48,20.74,2452500,18.870586
2011-11-18,20.860001,21.01,20.52,20.52,3235400,18.670416
2011-11-21,20.290001,20.34,19.950001,20.16,3165400,18.342864
2011-11-22,20.18,20.18,19.780001,19.860001,1714000,18.069906
2011-11-23,19.67,19.690001,18.76,18.77,3887700,17.078153
2011-11-25,18.809999,19.01,18.709999,18.709999,1996800,17.02356
2011-11-28,19.209999,19.459999,18.790001,19.01,2168400,17.296521
2011-11-29,19.139999,19.17,18.860001,19.01,2216900,17.296521
2011-11-30,19.5,19.700001,19.280001,19.68,3915300,17.90613
2011-12-01,19.690001,19.85,19.6,19.67,2719500,17.897031
2011-12-02,19.82,19.82,19.33,19.370001,2961200,17.624072
2011-12-05,19.610001,19.709999,19.32,19.379999,2841300,17.633169
2011-12-06,19.379999,19.469999,19.34,19.370001,2945000,17.624072
2011-12-07,19.219999,19.690001,19.139999,19.530001,2900900,17.769651
2011-12-08,19.120001,19.33,18.57,18.610001,3208000,16.932575
2011-12-09,18.639999,18.98,18.639999,18.93,3103000,17.223732
2011-12-12,18.75,18.790001,18.16,18.290001,2997300,16.641419
2011-12-13,18.370001,18.870001,18.33,18.389999,3283200,16.732404
2011-12-14,18.27,18.389999,17.969999,18.0,2350300,16.377558
2011-12-15,18.280001,18.440001,18.18,18.209999,2050500,16.568628
2011-12-16,18.309999,18.52,18.02,18.309999,4341200,16.659615
2011-12-19,18.23,18.4,17.469999,17.57,3025600,15.986316
2011-12-20,17.879999,18.68,17.860001,18.620001,3500900,16.941674
2011-12-21,18.629999,18.75,18.32,18.639999,2834200,16.95987
2011-12-22,18.59,18.75,18.43,18.66,2176600,16.978068
2011-12-23,18.709999,18.76,18.469999,18.57,1265000,16.89618
2011-12-27,18.48,18.719999,18.48,18.58,1464500,16.905279
2011-12-28,18.59,18.59,18.16,18.17,1352300,16.532235
2011-12-29,18.280001,18.290001,18.07,18.25,1861600,16.605024
2011-12-30,18.290001,18.32,18.030001,18.120001,1598800,16.486742
2012-01-03,18.440001,18.459999,17.889999,17.969999,2276800,16.350261
2012-01-04,17.91,18.030001,17.84,17.98,1847000,16.35936
2012-01-05,17.959999,18.110001,17.73,18.049999,2152900,16.42305
2012-01-06,18.01,18.129999,17.67,17.690001,1338000,16.0955
2012-01-09,17.68,17.700001,17.41,17.540001,2229700,15.959021
2012-01-10,17.780001,18.0,17.57,17.629999,2459500,16.040907
2012-01-11,17.559999,17.6,17.309999,17.59,2332700,16.004513
2012-01-12,17.700001,17.84,17.41,17.629999,2176500,16.040907
2012-01-13,17.440001,17.77,17.41,17.690001,2699600,16.0955
2012-01-17,17.9,17.940001,17.190001,17.24,2959600,15.68606
2012-01-18,17.309999,17.42,17.120001,17.24,3143400,15.68606
2012-01-19,17.26,17.290001,16.32,16.42,3997200,14.939972
2012-01-20,16.459999,16.51,16.059999,16.15,5103500,14.694308
2012-01-23,16.219999,17.200001,16.219999,16.629999,6858100,15.131043
2012-01-24,16.52,16.610001,16.24,16.5,4459800,15.012761
2012-01-25,16.440001,17.389999,16.4,17.33,4008100,15.767948
2012-01-26,17.370001,17.4,16.92,17.08,2389800,15.540482
2012-01-27,16.99,17.0,16.58,16.68,2928300,15.176537
2012-01-30,16.58,16.879999,16.48,16.799999,4476500,15.28572
2012-01-31,16.92,17.1,16.75,16.879999,4984400,15.358509
2012-02-01,16.91,16.99,16.700001,16.809999,2037800,15.294819
2012-02-02,16.83,16.92,16.59,16.860001,2402700,15.340313
2012-02-03,16.99,17.299999,16.870001,17.26,1697200,15.704258
2012-02-06,17.18,17.200001,16.85,16.950001,1408500,15.422201
2012-02-07,16.950001,17.16,16.719999,17.120001,2316000,15.576878
2012-02-08,17.1,17.23,16.98,17.120001,2165000,15.576878
2012-02-09,17.110001,17.18,16.84,17.08,1424300,15.540482
2012-02-10,16.950001,17.34,16.700001,17.32,2161500,15.75885
2012-02-13,17.459999,17.67,17.0,17.08,1937700,15.540482
2012-02-14,16.969999,17.1,16.66,17.049999,2171000,15.513186
2012-02-15,17.059999,17.200001,16.91,16.93,1993200,15.404003
2012-02-16,16.99,17.4,16.73,17.34,2435700,15.777047
2012-02-17,17.440001,17.549999,17.309999,17.5,3604100,15.922625
2012-02-21,17.610001,17.879999,17.5,17.77,2258300,16.168289
2012-02-22,17.799999,17.82,17.49,17.549999,1408200,15.968118
2012-02-23,17.540001,17.76,17.4,17.74,1372900,16.140993
2012-02-24,17.75,17.99,17.66,17.85,1387200,16.241078
2012-02-27,17.780001,17.790001,17.549999,17.6,1984100,16.013612
2012-02-28,17.49,17.66,17.0,17.549999,4885800,15.968118
2012-02-29,17.469999,17.469999,16.77,17.1,7202200,15.55868
2012-03-01,17.209999,17.4,17.1,17.200001,4323400,15.649667
2012-03-02,17.27,17.5,17.200001,17.290001,6891000,15.731555
2012-03-05,17.26,17.309999,17.01,17.190001,2778400,15.640568
2012-03-06,17.0,17.15,16.67,16.719999,2438600,15.212931
2012-03-07,16.76,16.780001,16.549999,16.620001,3211000,15.121946
2012-03-08,16.77,16.860001,16.6,16.690001,2428000,15.185636
2012-03-09,16.809999,16.870001,16.639999,16.73,2364300,15.222029
2012-03-12,16.74,16.83,16.42,16.48,2105100,14.994563
2012-03-13,16.530001,16.73,16.450001,16.719999,3433300,15.212931
2012-03-14,16.73,16.9,16.540001,16.6,2963200,15.103748
2012-03-15,16.59,16.629999,16.27,16.41,2500800,14.930873
2012-03-16,16.33,16.77,16.299999,16.77,4881300,15.258425
2012-03-19,16.73,16.780001,16.389999,16.41,2294200,14.930873
2012-03-20,16.370001,16.52,16.15,16.48,4235500,14.994563
2012-03-21,16.51,16.99,16.42,16.92,5313000,15.394904
2012-03-22,16.790001,16.82,16.459999,16.65,3020900,15.14924
2012-03-23,16.610001,16.889999,16.549999,16.709999,2260300,15.203832
2012-03-26,16.870001,16.959999,16.34,16.58,2787700,15.08555
2012-03-27,16.629999,16.709999,16.33,16.5,2188800,15.012761
2012-03-28,16.51,16.559999,16.059999,16.110001,2041800,14.657915
2012-03-29,16.040001,16.08,15.53,15.74,4795400,14.321264
2012-03-30,15.85,15.85,15.63,15.67,3221300,14.257574
2012-04-02,15.66,15.69,15.43,15.6,2452100,14.193884
2012-04-03,15.56,15.66,15.25,15.5,2765100,14.102897
2012-04-04,15.58,15.78,15.46,15.55,3978700,14.14839
2012-04-05,15.48,15.55,15.09,15.18,2183400,13.81174
2012-04-09,15.0,15.06,14.8,14.86,2585000,13.520583
2012-04-10,14.84,14.94,14.54,14.62,2727400,13.302216
2012-04-11,14.79,14.87,14.59,14.65,3656300,13.329512
2012-04-12,14.64,14.87,14.54,14.74,4237100,13.4114
2012-04-13,14.67,14.84,14.49,14.58,3227800,13.265822
2012-04-16,14.66,14.76,14.29,14.34,4113300,13.047454
2012-04-17,14.75,15.25,14.6,15.03,5352300,13.67526
2012-04-18,15.01,15.17,14.85,14.97,5188900,13.620669
2012-04-19,14.92,15.1,14.75,15.06,4052100,13.702557
2012-04-20,15.1,15.44,15.06,15.39,3564700,14.002812
2012-04-23,15.24,15.44,15.17,15.35,2905900,13.966417
2012-04-24,15.35,16.040001,15.34,15.9,4625500,14.466842
2012-04-25,16.040001,16.469999,15.92,16.360001,5003300,14.885381
2012-04-26,16.360001,16.719999,16.25,16.690001,4725100,15.185636
2012-04-27,16.709999,16.879999,16.4,16.629999,3034200,15.131043
2012-04-30,16.549999,17.030001,16.5,17.0,3010900,15.467693
2012-05-01,16.93,17.059999,16.83,16.969999,3911100,15.440397
2012-05-02,16.92,16.92,16.549999,16.610001,3449800,15.112847
2012-05-03,16.030001,16.49,15.6,16.209999,5639800,14.7489
2012-05-04,16.139999,16.16,15.16,15.47,8025800,14.075601
2012-05-07,15.46,15.73,15.33,15.49,3961400,14.093798
2012-05-08,15.38,15.42,14.95,15.16,4925000,13.793543
2012-05-09,15.0,15.56,14.81,15.42,4319900,14.030108
2012-05-10,15.69,16.280001,15.66,16.129999,6104900,14.67611
2012-05-11,16.049999,16.459999,16.0,16.290001,4138900,14.82169
2012-05-14,16.120001,16.290001,16.01,16.07,3952100,14.621519
2012-05-15,16.01,16.15,15.62,15.72,2952400,14.303067
2012-05-16,15.77,16.049999,15.77,15.77,3610200,14.348561
2012-05-17,15.78,15.98,15.5,15.62,4130300,14.21208
2012-05-18,15.66,15.76,15.32,15.44,3055300,14.048305
2012-05-21,15.49,15.79,15.36,15.76,2699200,14.339462
2012-05-22,15.74,16.0,15.67,15.84,3116800,14.412251
2012-05-23,15.71,15.83,15.27,15.67,3521300,14.257574
2012-05-24,15.72,15.83,15.54,15.69,2194500,14.275771
2012-05-25,15.73,15.9,15.59,15.64,1999800,14.230278
2012-05-29,15.75,15.87,15.6,15.72,1492100,14.303067
2012-05-30,15.57,15.64,15.21,15.32,2153100,13.939121
2012-05-31,15.37,15.47,15.04,15.32,2633500,13.939121
2012-06-01,15.08,15.12,14.82,14.84,2770000,13.502386
2012-06-04,14.89,15.15,14.65,15.14,3730400,13.775346
2012-06-05,15.06,15.6,15.06,15.49,2397100,14.093798
2012-06-06,15.61,16.09,15.56,16.07,3415600,14.621519
2012-06-07,16.209999,16.299999,15.74,15.82,2602200,14.394053
2012-06-08,15.78,16.01,15.65,15.93,3157000,14.494139
2012-06-11,16.1,16.280001,15.24,15.24,4430600,13.866332
2012-06-12,15.27,15.33,14.94,15.3,4145000,13.920924
2012-06-13,15.26,15.26,14.94,15.03,3944400,13.67526
2012-06-14,15.07,15.25,14.83,15.09,5443900,13.729853
2012-06-15,15.15,15.15,14.69,15.02,4136900,13.666162
2012-06-18,14.91,15.22,14.86,15.21,3473500,13.839036
2012-06-19,15.26,15.87,15.26,15.84,3586000,14.412251
2012-06-20,15.87,15.98,15.7,15.81,4410700,14.384955
2012-06-21,15.85,15.89,15.22,15.26,3020500,13.88453
2012-06-22,15.36,15.73,15.18,15.61,3489600,14.202982
2012-06-25,15.49,15.62,15.26,15.5,2635700,14.102897
2012-06-26,15.51,15.7,15.33,15.61,3272200,14.202982
2012-06-27,15.71,16.629999,15.66,16.549999,4243600,15.058254
2012-06-28,16.41,16.860001,16.299999,16.83,4828900,15.313016
2012-06-29,17.16,17.49,17.01,17.360001,5424900,15.795245
2012-07-02,17.440001,17.48,17.16,17.26,2792300,15.704258
2012-07-03,17.290001,17.700001,17.27,17.67,2141100,16.077302
2012-07-05,17.559999,17.629999,17.26,17.309999,2858200,15.749751
2012-07-06,17.09,17.530001,16.93,17.139999,3192200,15.595074
2012-07-09,17.08,17.209999,16.85,16.950001,2382700,15.422201
2012-07-10,17.1,17.1,16.66,16.83,2200100,15.313016
2012-07-11,16.809999,17.17,16.77,17.1,2358000,15.55868
2012-07-12,16.98,17.309999,16.889999,17.23,2516900,15.676962
2012-07-13,17.309999,17.700001,17.27,17.6,2380700,16.013612
2012-07-16,17.65,17.65,17.299999,17.459999,2361800,15.88623
2012-07-17,17.549999,17.690001,17.42,17.49,2890900,15.913527
2012-07-18,17.469999,17.98,17.4,17.93,2899600,16.313867
2012-07-19,17.92,18.139999,17.75,18.1,3568900,16.468544
2012-07-20,17.969999,18.35,17.92,18.049999,2248600,16.42305
2012-07-23,20.0,20.120001,19.219999,19.52,22075200,17.760552
2012-07-24,19.49,19.49,18.559999,18.75,11366900,17.059956
2012-07-25,18.85,19.16,18.76,19.02,5615100,17.30562
2012-07-26,19.26,19.68,18.98,19.6,5721200,17.833341
2012-07-27,19.67,19.870001,19.42,19.780001,4791400,17.997117
2012-07-30,19.700001,19.889999,19.639999,19.889999,3877000,18.17992
2012-07-31,19.809999,19.959999,19.709999,19.82,4179600,18.115939
2012-08-01,19.83,20.01,19.620001,19.75,4216000,18.051957
2012-08-02,19.549999,19.690001,18.83,19.09,6949600,17.448702
2012-08-03,19.379999,19.6,19.18,19.41,3618900,17.741189
2012-08-06,19.5,19.74,19.389999,19.59,2366800,17.905714
2012-08-07,19.610001,19.99,19.51,19.540001,4155700,17.860013
2012-08-08,19.809999,20.299999,19.67,20.24,5796100,18.499829
2012-08-09,20.17,21.059999,20.15,20.879999,8100400,19.084803
2012-08-10,20.82,20.889999,20.469999,20.860001,3442000,19.066524
2012-08-13,20.83,20.879999,20.5,20.67,2003600,18.892859
2012-08-14,20.709999,20.91,20.540001,20.91,2643200,19.112224
2012-08-15,20.85,20.959999,20.629999,20.870001,2453600,19.075664
2012-08-16,20.959999,21.09,20.82,20.99,3184900,19.185346
2012-08-17,21.0,21.82,20.9,21.540001,5669800,19.68806
2012-08-20,21.549999,22.290001,21.389999,22.26,6723400,20.346156
2012-08-21,22.26,22.92,21.690001,21.85,7496800,19.971406
2012-08-22,21.75,21.9,21.42,21.48,5016400,19.633217
2012-08-23,21.5,21.52,20.99,21.209999,4758300,19.38643
2012-08-24,21.18,21.25,21.030001,21.18,3077800,19.359011
2012-08-27,21.24,21.33,21.01,21.200001,2741700,19.377292
2012-08-28,21.139999,21.309999,21.09,21.16,2841000,19.34073
2012-08-29,21.17,21.27,21.129999,21.200001,3040500,19.377292
2012-08-30,21.049999,21.26,20.99,21.209999,3288400,19.38643
2012-08-31,21.299999,21.389999,21.17,21.34,2622600,19.505254
2012-09-04,21.299999,21.6,21.08,21.530001,3347100,19.678919
2012-09-05,21.51,21.530001,21.25,21.360001,3612500,19.523535
2012-09-06,21.450001,22.360001,21.379999,22.33,8270200,20.410137
2012-09-07,22.27,22.290001,21.360001,21.780001,5547000,19.907425
2012-09-10,22.110001,22.290001,21.93,21.959999,3654000,20.071948
2012-09-11,21.959999,22.35,21.790001,22.309999,5326800,20.391856
2012-09-12,22.309999,22.41,22.049999,22.34,5117300,20.419278
2012-09-13,22.370001,22.370001,21.42,21.799999,8500000,19.925704
2012-09-14,21.799999,22.25,21.77,22.1,4018400,20.199912
2012-09-17,22.059999,22.16,21.709999,21.77,3400100,19.898285
2012-09-18,21.41,21.690001,21.379999,21.450001,3770300,19.605797
2012-09-19,21.5,21.6,21.309999,21.450001,4486000,19.605797
2012-09-20,21.41,21.629999,21.27,21.48,4048600,19.633217
2012-09-21,21.559999,21.91,21.530001,21.889999,8862300,20.007966
2012-09-24,21.809999,22.139999,21.77,22.02,3681600,20.12679
2012-09-25,22.059999,22.16,21.67,21.719999,4991300,19.852582
2012-09-26,21.76,21.799999,21.25,21.4,3841200,19.560095
2012-09-27,21.42,21.879999,21.41,21.58,4463500,19.72462
2012-09-28,21.530001,21.709999,21.07,21.389999,5451800,19.550955
2012-10-01,21.360001,21.92,21.360001,21.629999,3679700,19.77032
2012-10-02,21.780001,21.91,21.620001,21.860001,3598500,19.980547
2012-10-03,21.93,22.530001,21.9,22.18,5534700,20.273034
2012-10-04,22.26,22.67,22.17,22.620001,2906900,20.675205
2012-10-05,22.690001,22.92,22.41,22.76,2737900,20.803167
2012-10-08,22.65,22.950001,22.549999,22.950001,2955200,20.976832
2012-10-09,22.879999,23.5,22.879999,23.09,4599600,21.104795
2012-10-10,23.110001,23.200001,22.870001,23.02,2719600,21.040814
2012-10-11,23.17,23.780001,23.1,23.65,4204700,21.616647
2012-10-12,23.719999,23.75,22.99,23.02,2870300,21.040814
2012-10-15,23.120001,23.299999,22.799999,23.27,3190600,21.269319
2012-10-16,23.190001,23.370001,22.790001,23.23,3970000,21.232758
2012-10-17,23.41,23.5,23.17,23.440001,3040300,21.424703
2012-10-18,23.309999,23.719999,23.24,23.27,5100000,21.269319
2012-10-19,23.200001,23.379999,23.15,23.280001,2934700,21.27846
2012-10-22,23.290001,23.5,22.9,23.02,4644800,21.040814
2012-10-23,22.66,22.74,21.77,22.4,6480700,20.474118
2012-10-24,22.549999,22.879999,22.34,22.52,4016000,20.583802
2012-10-25,22.65,22.76,22.059999,22.25,3352700,20.337015
2012-10-26,22.52,22.59,21.809999,21.940001,6331900,20.053669
2012-10-31,22.07,22.24,21.48,21.559999,4119900,19.787508
2012-11-01,21.389999,21.809999,21.34,21.549999,5284600,19.77833
2012-11-02,21.540001,21.719999,21.18,21.209999,3472700,19.466282
2012-11-05,21.559999,21.639999,20.959999,21.0,3385100,19.273547
2012-11-06,21.17,21.83,21.129999,21.290001,3905300,19.539707
2012-11-07,21.110001,21.139999,20.57,20.790001,6315300,19.080813
2012-11-08,20.83,21.059999,20.620001,20.620001,2875600,18.924789
2012-11-09,20.559999,21.030001,20.43,20.530001,6263700,18.842188
2012-11-12,20.34,21.0,20.030001,20.209999,4458800,18.548494
2012-11-13,20.07,20.190001,19.620001,19.67,7952900,18.052889
2012-11-14,19.52,19.74,19.34,19.42,5848100,17.823442
2012-11-15,19.48,19.66,19.15,19.59,3112900,17.979466
2012-11-16,19.629999,19.889999,19.280001,19.780001,4193600,18.153847
2012-11-19,19.950001,19.950001,19.49,19.75,4525600,18.126312
2012-11-20,19.65,19.83,19.379999,19.809999,4713400,18.181379
2012-11-21,19.92,20.059999,19.74,19.98,2459100,18.337403
2012-11-23,19.959999,20.08,19.719999,19.950001,1194000,18.309871
2012-11-26,19.85,20.219999,19.68,20.209999,3037100,18.548494
2012-11-27,20.129999,20.799999,19.93,20.67,6130000,18.970677
2012-11-28,20.530001,20.83,20.26,20.799999,2497500,19.089989
2012-11-29,20.959999,21.139999,20.719999,21.02,3239700,19.291904
2012-11-30,21.07,21.360001,20.9,21.1,4807400,19.365326
2012-12-03,21.190001,21.23,20.83,21.129999,4665100,19.392859
2012-12-04,21.120001,21.35,21.07,21.219999,2915500,19.47546
2012-12-05,21.209999,21.82,21.08,21.73,4394700,19.943532
2012-12-06,21.73,22.129999,21.73,21.92,4146100,20.117912
2012-12-07,21.950001,22.07,21.75,21.879999,2862300,20.0812
2012-12-10,21.85,22.459999,21.719999,22.18,4174800,20.356537
2012-12-11,22.24,22.58,22.17,22.440001,4346500,20.595163
2012-12-12,22.459999,22.76,22.16,22.58,4285100,20.723652
2012-12-13,22.49,22.879999,22.379999,22.74,5647800,20.870498
2012-12-14,22.77,23.540001,22.75,23.0,21036400,21.109123
2012-12-17,23.209999,23.5,23.17,23.450001,22932900,21.522129
2012-12-18,23.5,23.74,23.110001,23.110001,9708800,21.210081
2012-12-19,23.09,23.129999,22.27,22.780001,12900300,20.907211
2012-12-20,22.879999,23.209999,22.790001,23.190001,4283000,21.283503
2012-12-21,22.959999,23.02,22.549999,22.870001,6840400,20.989812
2012-12-24,22.84,22.879999,22.530001,22.76,1584600,20.888854
2012-12-26,22.780001,22.940001,22.559999,22.6,2730300,20.742008
2012-12-27,22.59,22.98,22.48,22.93,3383400,21.044878
2012-12-28,22.84,22.98,22.57,22.59,2227900,20.73283
2012-12-31,22.530001,23.030001,22.379999,22.99,3078800,21.099945
2013-01-02,23.379999,23.4,22.620001,22.9,7480100,21.017344
2013-01-03,22.84,23.09,22.639999,22.959999,5812000,21.072411
2013-01-04,23.030001,23.35,22.860001,23.18,2875900,21.274325
2013-01-07,23.110001,23.18,22.639999,22.68,4264200,20.815431
2013-01-08,22.639999,22.879999,22.6,22.879999,6008200,20.998988
2013-01-09,22.940001,23.0,22.719999,22.799999,3153500,20.925565
2013-01-10,22.860001,23.16,22.66,23.139999,2782300,21.237613
2013-01-11,23.620001,23.809999,23.360001,23.559999,3965500,21.623084
2013-01-14,23.5,23.540001,23.15,23.200001,3481700,21.292682
2013-01-15,23.030001,23.73,23.030001,23.42,4434100,21.494594
2013-01-16,23.34,23.389999,23.17,23.26,3215700,21.347748
2013-01-17,23.43,23.76,23.360001,23.68,3535100,21.733219
2013-01-18,23.73,23.889999,23.379999,23.889999,3279000,21.925954
2013-01-22,23.82,24.27,23.690001,23.92,4817600,21.953488
2013-01-23,23.879999,23.9,23.6,23.879999,3558300,21.916776
2013-01-24,23.860001,24.08,23.620001,23.67,3325300,21.724041
2013-01-25,23.799999,23.82,23.48,23.59,2862100,21.650618
2013-01-28,23.57,23.620001,23.200001,23.58,3746800,21.64144
2013-01-29,23.52,23.93,23.450001,23.879999,4177900,21.916776
2013-01-30,23.65,23.950001,23.59,23.860001,2358600,21.981266
2013-01-31,23.809999,24.139999,23.790001,24.0,3513100,22.110241
2013-02-01,24.24,24.24,23.940001,24.049999,2100200,22.156304
2013-02-04,23.959999,24.0,23.610001,23.65,1686000,21.7878
2013-02-05,23.709999,23.83,23.59,23.719999,1763300,21.852288
2013-02-06,23.57,24.290001,23.530001,24.27,3544000,22.358982
2013-02-07,24.299999,24.360001,24.059999,24.16,4279900,22.257643
2013-02-08,24.139999,24.190001,23.92,24.129999,1400500,22.230004
2013-02-11,24.040001,24.190001,23.940001,24.120001,1692800,22.220793
2013-02-12,24.15,24.559999,24.110001,24.24,2572300,22.331344
2013-02-13,24.209999,24.35,24.049999,24.120001,2624000,22.220793
2013-02-14,24.01,24.209999,23.870001,23.889999,3499300,22.008902
2013-02-15,24.0,24.09,23.83,23.940001,2998200,22.054966
2013-02-19,24.0,24.559999,23.940001,24.530001,4430500,22.59851
2013-02-20,24.5,24.5,24.02,24.02,5447600,22.128667
2013-02-21,24.0,24.139999,23.82,23.950001,3000300,22.064179
2013-02-22,23.99,24.1,23.879999,24.030001,2536200,22.13788
2013-02-25,24.1,24.370001,23.639999,23.65,2502300,21.7878
2013-02-26,23.709999,24.01,23.43,23.83,3734400,21.953627
2013-02-27,23.82,24.25,23.799999,24.0,4475700,22.110241
2013-02-28,24.07,24.299999,23.85,24.0,6975300,22.110241
2013-03-01,24.030001,24.280001,23.82,24.0,3604800,22.110241
2013-03-04,24.0,24.129999,23.93,24.129999,3733700,22.230004
2013-03-05,24.27,24.549999,24.200001,24.48,4709600,22.552446
2013-03-06,24.559999,24.73,24.459999,24.59,5591100,22.653785
2013-03-07,24.629999,24.77,24.5,24.700001,3426600,22.755124
2013-03-08,24.74,24.940001,24.389999,24.879999,3709600,22.920949
2013-03-11,24.879999,25.32,24.83,25.209999,3373800,23.224965
2013-03-12,25.23,25.379999,25.030001,25.33,3786600,23.335517
2013-03-13,25.35,25.540001,25.24,25.370001,3101000,23.372368
2013-03-14,25.440001,25.870001,25.33,25.870001,4908900,23.832998
2013-03-15,25.780001,26.34,25.66,26.09,5848400,24.035675
2013-03-18,25.9,26.4,25.780001,26.110001,4067500,24.054101
2013-03-19,26.15,26.24,25.790001,25.969999,3375900,23.925123
2013-03-20,26.1,26.129999,25.92,25.98,5769900,23.934336
2013-03-21,25.860001,26.129999,25.719999,25.73,2823000,23.704021
2013-03-22,25.75,25.950001,25.59,25.780001,2069300,23.750085
2013-03-25,25.92,26.040001,25.5,25.690001,2994700,23.667171
2013-03-26,25.870001,25.969999,25.620001,25.799999,3035100,23.768509
2013-03-27,25.620001,26.25,25.59,26.24,3670900,24.173864
2013-03-28,26.299999,26.51,26.219999,26.49,3761900,24.404179
2013-04-01,26.41,26.540001,26.299999,26.5,1999100,24.413392
2013-04-02,26.6,26.879999,26.530001,26.620001,3315600,24.523944
2013-04-03,26.690001,26.700001,26.23,26.35,3452800,24.275203
2013-04-04,26.33,26.639999,26.26,26.389999,2353900,24.312052
2013-04-05,26.09,26.549999,26.07,26.35,2028100,24.275203
2013-04-08,26.42,26.77,26.26,26.76,1906500,24.652919
2013-04-09,26.82,27.09,26.68,26.93,2955500,24.809534
2013-04-10,27.07,27.209999,26.969999,27.200001,3987600,25.058274
2013-04-11,27.15,27.32,26.98,27.27,3072800,25.122762
2013-04-12,27.110001,27.24,26.959999,27.139999,1665300,25.002997
2013-04-15,27.040001,27.1,26.379999,26.379999,2517400,24.30284
2013-04-16,26.58,26.82,26.450001,26.77,2085000,24.662132
2013-04-17,26.639999,26.639999,26.209999,26.4,3149900,24.321265
2013-04-18,26.440001,26.809999,26.23,26.639999,3176000,24.542367
2013-04-19,26.860001,27.27,26.780001,27.26,3622500,25.113549
2013-04-22,27.299999,27.459999,27.040001,27.41,2150600,25.251738
2013-04-23,27.469999,27.59,27.34,27.48,2190900,25.316226
2013-04-24,27.57,27.92,27.360001,27.879999,2769400,25.68473
2013-04-25,27.99,28.17,27.790001,27.98,3197600,25.776856
2013-04-26,27.93,28.02,27.77,27.92,2052900,25.721581
2013-04-29,27.889999,28.18,27.84,27.940001,2528600,25.851116
2013-04-30,28.0,28.1,27.690001,27.870001,2958800,25.786349
2013-05-01,27.860001,27.969999,27.549999,27.6,3181700,25.536535
2013-05-02,27.690001,27.75,27.040001,27.15,4137900,25.120178
2013-05-03,27.34,27.709999,27.299999,27.610001,2920800,25.545788
2013-05-06,27.639999,27.76,27.370001,27.639999,3451300,25.573544
2013-05-07,27.66,27.73,27.16,27.389999,5375500,25.342234
2013-05-08,27.32,27.4,26.940001,27.219999,3773700,25.184944
2013-05-09,27.209999,27.299999,26.809999,26.870001,3484100,24.861113
2013-05-10,26.93,27.200001,26.700001,27.18,3379800,25.147935
2013-05-13,27.07,27.34,27.030001,27.200001,2300600,25.166441
2013-05-14,27.200001,27.700001,27.200001,27.67,2837600,25.601301
2013-05-15,27.559999,28.17,27.49,28.01,4436600,25.915882
2013-05-16,27.879999,28.040001,27.690001,27.719999,3247000,25.647562
2013-05-17,27.74,28.129999,27.719999,28.01,3103500,25.915882
2013-05-20,27.969999,28.34,27.959999,28.09,3647600,25.989901
2013-05-21,28.07,28.309999,27.940001,28.18,2029000,26.073172
2013-05-22,28.110001,28.67,27.65,27.77,2940700,25.693825
2013-05-23,27.57,27.93,27.23,27.809999,4004100,25.730834
2013-05-24,27.65,27.65,27.01,27.17,3061300,25.138683
2013-05-28,26.799999,26.84,25.73,26.17,10690900,24.213446
2013-05-29,26.07,26.09,25.65,25.92,4609200,23.982137
2013-05-30,25.99,26.299999,25.629999,25.68,3934100,23.76008
2013-05-31,25.559999,26.07,25.52,25.52,2739600,23.612043
2013-06-03,25.49,25.690001,25.209999,25.530001,3181100,23.621295
2013-06-04,25.43,25.469999,24.93,25.190001,5156900,23.306715
2013-06-05,25.139999,25.299999,24.93,25.24,3014100,23.352976
2013-06-06,25.26,25.780001,25.24,25.65,3834900,23.732323
2013-06-07,26.74,27.34,26.26,27.1,6391000,25.073917
2013-06-10,27.17,27.440001,27.1,27.43,4009500,25.379245
2013-06-11,27.209999,27.549999,27.09,27.120001,4087700,25.092422
2013-06-12,27.200001,27.309999,26.35,26.440001,3322700,24.46326
2013-06-13,26.41,26.790001,26.030001,26.690001,3960000,24.69457
2013-06-14,26.620001,27.02,26.620001,27.0,2087300,24.981393
2013-06-17,26.969999,27.16,26.66,26.74,3094800,24.740831
2013-06-18,26.799999,26.959999,26.65,26.790001,1785900,24.787094
2013-06-19,26.790001,27.030001,26.35,26.35,2867800,24.379989
2013-06-20,26.15,26.15,25.309999,25.440001,4321300,23.538024
2013-06-21,25.629999,25.84,24.879999,25.42,4431200,23.519519
2013-06-24,25.790001,26.110001,24.860001,25.940001,6663000,24.000642
2013-06-25,26.209999,26.709999,26.09,26.549999,5223000,24.565035
2013-06-26,26.719999,27.040001,26.5,26.540001,3626900,24.555784
2013-06-27,26.73,26.93,26.57,26.700001,3189400,24.703822
2013-06-28,26.620001,27.200001,26.51,26.700001,4295500,24.703822
2013-07-01,26.76,26.77,26.200001,26.26,3364800,24.296718
2013-07-02,26.209999,26.540001,25.99,26.09,3286900,24.139427
2013-07-03,26.08,26.379999,25.93,26.26,1341900,24.296718
2013-07-05,26.360001,26.450001,25.809999,26.139999,1841500,24.185688
2013-07-08,26.34,27.309999,26.309999,27.23,3895800,25.194197
2013-07-09,27.440001,27.76,27.23,27.65,3455800,25.582796
2013-07-10,27.639999,27.93,27.58,27.85,2602300,25.767844
2013-07-11,28.0,28.690001,28.0,28.67,3974800,26.526538
2013-07-12,28.48,28.790001,28.4,28.639999,3985700,26.49878
2013-07-15,28.639999,29.08,28.620001,29.08,4084600,26.905885
2013-07-16,29.1,29.190001,28.41,28.790001,3974800,26.637567
2013-07-17,28.889999,29.15,28.27,28.41,4100000,26.285976
2013-07-18,28.51,28.799999,28.0,28.42,3760400,26.295229
2013-07-19,28.57,28.620001,28.23,28.459999,2744800,26.332237
2013-07-22,28.41,28.530001,27.940001,27.98,2455200,25.888124
2013-07-23,28.110001,28.370001,27.83,27.940001,3034100,25.851116
2013-07-24,27.959999,27.99,27.34,27.43,2353600,25.379245
2013-07-25,27.389999,27.65,27.219999,27.530001,3232600,25.471769
2013-07-26,27.35,27.67,27.33,27.67,2047100,25.601301
2013-07-29,27.59,27.65,27.209999,27.25,2594500,25.212702
2013-07-30,27.290001,27.379999,26.98,27.0,2359100,25.091889
2013-07-31,27.0,27.049999,26.66,26.82,3289100,24.924609
2013-08-01,26.940001,27.139999,26.690001,27.08,3047300,25.166235
2013-08-02,27.23,27.280001,26.9,27.040001,1950800,25.129063
2013-08-05,26.92,27.110001,26.73,26.91,3290200,25.008249
2013-08-06,26.799999,26.82,26.200001,26.299999,2979200,24.441358
2013-08-07,26.18,26.43,25.98,26.389999,3574200,24.524997
2013-08-08,26.41,27.07,26.41,26.9,4300300,24.998956
2013-08-09,26.700001,26.950001,25.950001,26.35,7299300,24.487825
2013-08-12,26.01,26.17,25.709999,25.969999,4965100,24.134679
2013-08-13,25.93,25.93,25.24,25.52,6074700,23.716482
2013-08-14,25.52,26.610001,25.4,26.52,7318500,24.645811
2013-08-15,26.280001,26.42,26.08,26.4,5200900,24.534291
2013-08-16,26.24,26.34,26.07,26.15,4190700,24.301959
2013-08-19,26.110001,26.18,25.940001,26.049999,4000100,24.209025
2013-08-20,26.07,26.51,26.0,26.49,4370700,24.617931
2013-08-21,26.379999,26.98,26.15,26.43,2999300,24.562171
2013-08-22,26.49,26.610001,26.25,26.370001,2839400,24.506412
2013-08-23,26.459999,26.49,26.1,26.32,2972000,24.459945
2013-08-26,26.309999,26.34,25.889999,25.93,2776800,24.097507
2013-08-27,25.75,26.049999,25.74,25.9,2418400,24.069626
2013-08-28,25.93,26.02,25.76,25.98,1627900,24.143973
2013-08-29,25.889999,26.190001,25.74,26.0,2017800,24.16256
2013-08-30,25.969999,26.370001,25.950001,26.25,2295700,24.394892
2013-09-03,26.469999,26.790001,25.98,26.1,3655000,24.255493
2013-09-04,26.07,26.209999,25.889999,25.99,2159100,24.153266
2013-09-05,25.9,26.059999,25.709999,25.73,2909900,23.91164
2013-09-06,25.690001,26.299999,25.690001,26.059999,2728900,24.218319
2013-09-09,26.08,26.370001,26.049999,26.35,1867100,24.487825
2013-09-10,26.530001,26.790001,26.389999,26.790001,2809500,24.896731
2013-09-11,26.780001,26.780001,26.1,26.25,3148500,24.394892
2013-09-12,26.040001,26.540001,26.040001,26.360001,2372700,24.497119
2013-09-13,26.51,27.35,26.48,27.139999,4437100,25.221994
2013-09-16,27.52,27.879999,27.02,27.559999,3834100,25.612313
2013-09-17,27.59,28.0,27.57,27.92,2890400,25.946872
2013-09-18,27.530001,28.120001,27.15,27.91,6905200,25.937578
2013-09-19,27.959999,28.25,27.709999,27.799999,5190500,25.835352
2013-09-20,27.809999,27.93,27.49,27.530001,5184500,25.584434
2013-09-23,27.469999,28.040001,27.360001,27.950001,3488100,25.974752
2013-09-24,27.969999,28.18,27.82,28.02,3221400,26.039805
2013-09-25,28.040001,28.24,27.879999,28.040001,2015300,26.058392
2013-09-26,28.049999,28.16,27.74,27.940001,2106600,25.965459
2013-09-27,27.9,28.030001,27.68,27.719999,3659200,25.761005
2013-09-30,27.540001,27.68,27.24,27.33,2897500,25.398567
2013-10-01,27.370001,27.68,27.32,27.450001,3694900,25.510088
2013-10-02,27.370001,27.620001,27.110001,27.549999,4841300,25.603019
2013-10-03,27.389999,27.51,27.26,27.34,3185400,25.407861
2013-10-04,27.35,27.620001,27.26,27.43,3785200,25.491501
2013-10-07,27.33,27.42,27.17,27.26,1616600,25.333515
2013-10-08,27.360001,27.790001,27.25,27.469999,3978400,25.528673
2013-10-09,27.459999,27.6,27.309999,27.370001,4330900,25.435741
2013-10-10,27.540001,27.870001,27.440001,27.860001,2964400,25.891113
2013-10-11,27.91,28.23,27.75,28.129999,1959200,26.14203
2013-10-14,28.02,28.049999,27.530001,27.940001,1784100,25.965459
2013-10-15,27.82,28.08,27.559999,27.559999,2879500,25.612313
2013-10-16,27.59,27.66,27.280001,27.48,3067300,25.537966
2013-10-17,27.309999,28.02,27.23,27.959999,2743700,25.984044
2013-10-18,28.07,30.17,27.93,29.299999,9749300,27.229345
2013-10-21,29.450001,29.66,28.52,28.860001,4784000,26.820442
2013-10-22,29.0,29.23,28.809999,28.889999,2671100,26.84832
2013-10-23,28.799999,28.9,28.299999,28.42,3355800,26.411536
2013-10-24,28.43,28.57,27.860001,28.190001,2523800,26.197791
2013-10-25,28.280001,30.129999,28.040001,30.110001,8717400,27.982103
2013-10-28,30.1,30.280001,29.379999,29.48,4910100,27.396625
2013-10-29,29.540001,29.639999,28.98,29.18,3275100,27.117827
2013-10-30,29.129999,29.34,28.66,28.84,3337800,26.912529
2013-10-31,28.75,28.92,28.23,28.530001,3023800,26.623248
2013-11-01,28.620001,28.68,28.26,28.389999,2957100,26.492603
2013-11-04,28.440001,28.559999,27.92,28.25,3008500,26.36196
2013-11-05,28.219999,28.620001,28.219999,28.299999,3393000,26.408618
2013-11-06,28.42,28.59,27.889999,28.16,2358800,26.277975
2013-11-07,28.469999,28.49,27.889999,27.98,3362600,26.110005
2013-11-08,27.879999,28.34,27.5,28.32,3138500,26.427282
2013-11-11,28.27,28.459999,27.959999,28.040001,2378200,26.165996
2013-11-12,27.059999,27.93,26.76,27.059999,6657600,25.251492
2013-11-13,26.809999,27.27,26.690001,27.26,4351400,25.438126
2013-11-14,27.280001,27.290001,26.93,27.120001,3574000,25.307483
2013-11-15,27.02,27.280001,26.879999,27.27,2670900,25.447457
2013-11-18,27.280001,27.4,26.879999,27.120001,2662000,25.307483
2013-11-19,27.059999,27.24,26.860001,27.17,2176200,25.35414
2013-11-20,27.17,27.52,27.07,27.23,3156400,25.41013
2013-11-21,27.23,27.68,27.129999,27.57,2376400,25.727407
2013-11-22,27.559999,27.59,27.110001,27.219999,2033300,25.400798
2013-11-25,27.209999,27.280001,26.91,26.940001,1971100,25.139513
2013-11-26,26.940001,27.0,26.469999,26.6,3470100,24.822236
2013-11-27,26.59,26.73,26.299999,26.65,2726800,24.868893
2013-11-29,26.67,26.74,26.41,26.459999,910200,24.691591
2013-12-02,26.459999,26.969999,26.34,26.83,2896200,25.036864
2013-12-03,26.76,27.41,26.620001,27.4,3075900,25.568768
2013-12-04,27.24,28.0,27.16,27.950001,3740500,26.082011
2013-12-05,27.889999,28.25,27.549999,28.1,3809700,26.221986
2013-12-06,28.26,28.65,28.110001,28.59,2824600,26.679237
2013-12-09,28.559999,28.889999,28.42,28.73,2898200,26.80988
2013-12-10,28.73,28.77,28.32,28.370001,3087100,26.473941
2013-12-11,28.32,28.360001,27.82,27.950001,3438200,26.082011
2013-12-12,27.959999,28.280001,27.91,27.98,2618100,26.110005
2013-12-13,28.049999,28.09,27.879999,27.950001,2194300,26.082011
2013-12-16,28.049999,28.25,27.74,27.860001,3658300,25.998026
2013-12-17,27.84,28.110001,27.790001,27.870001,2542500,26.007358
2013-12-18,27.93,28.139999,27.280001,28.1,3591100,26.221986
2013-12-19,28.07,28.459999,27.809999,28.42,2219700,26.520599
2013-12-20,28.440001,28.75,28.360001,28.4,5398800,26.501935
2013-12-23,28.57,28.6,28.32,28.370001,2064000,26.473941
2013-12-24,28.469999,28.549999,28.25,28.379999,953000,26.483271
2013-12-26,28.459999,28.540001,28.360001,28.48,1917600,26.576588
2013-12-27,28.530001,28.700001,28.41,28.59,1946000,26.679237
2013-12-30,28.559999,28.75,28.5,28.629999,1997900,26.716563
2013-12-31,28.700001,28.82,28.57,28.719999,2519800,26.800548
2014-01-02,28.74,28.780001,28.5,28.58,3896400,26.669905
2014-01-03,28.58,28.85,28.58,28.66,2473400,26.744559
2014-01-06,28.790001,29.299999,28.66,28.709999,3808000,26.791216
2014-01-07,28.75,29.049999,28.52,28.65,5670500,26.735227
2014-01-08,28.639999,28.84,28.41,28.450001,6504300,26.548595
2014-01-09,28.49,28.58,27.82,28.07,4994700,26.19399
2014-01-10,28.26,28.41,27.93,28.059999,4682300,26.184658
2014-01-13,27.940001,28.08,27.370001,27.459999,4146200,25.624758
2014-01-14,27.42,27.799999,27.4,27.790001,3154900,25.932705
2014-01-15,27.780001,28.139999,27.709999,28.030001,3042900,26.156664
2014-01-16,28.040001,28.120001,27.860001,28.08,4884700,26.203322
2014-01-17,28.139999,28.139999,27.709999,28.07,5668000,26.19399
2014-01-21,28.059999,28.25,27.860001,28.07,2432700,26.19399
2014-01-22,28.120001,28.389999,27.860001,27.889999,4933900,26.02602
2014-01-23,27.700001,27.74,27.139999,27.34,6312100,25.512779
2014-01-24,27.040001,27.48,26.77,26.82,7038300,25.027532
2014-01-27,26.860001,26.969999,26.57,26.75,4162700,24.96221
2014-01-28,26.790001,27.209999,26.73,27.200001,3093100,25.382136
2014-01-29,27.040001,27.469999,26.9,27.190001,3479800,25.372804
2014-01-30,27.16,27.68,27.16,27.629999,2798500,25.897693
2014-01-31,27.360001,28.049999,27.32,27.85,3629000,26.103901
2014-02-03,27.9,27.98,27.33,27.43,4992600,25.710233
2014-02-04,27.469999,27.58,27.17,27.389999,3882400,25.67274
2014-02-05,27.18,27.5,27.08,27.360001,4630600,25.644622
2014-02-06,27.440001,27.68,27.360001,27.65,2636100,25.916439
2014-02-07,27.82,28.030001,27.57,27.610001,3849600,25.878948
2014-02-10,27.690001,27.73,27.43,27.58,2892700,25.850828
2014-02-11,27.540001,27.82,27.5,27.75,5459100,26.01017
2014-02-12,27.780001,27.84,27.43,27.48,3176500,25.757098
2014-02-13,27.41,28.280001,27.4,28.280001,4295500,26.506941
2014-02-14,28.299999,28.66,28.25,28.43,3180900,26.647537
2014-02-18,28.43,28.790001,28.43,28.719999,2460100,26.919354
2014-02-19,28.709999,28.92,28.469999,28.530001,3529100,26.741267
2014-02-20,28.5,28.790001,28.219999,28.719999,3336500,26.919354
2014-02-21,28.67,28.85,28.43,28.559999,2665300,26.769385
2014-02-24,28.66,29.1,28.549999,28.879999,4171200,27.069322
2014-02-25,28.9,29.01,28.65,28.809999,2861100,27.003711
2014-02-26,28.879999,28.9,28.57,28.709999,2883600,26.90998
2014-02-27,28.639999,28.790001,28.540001,28.65,2466200,26.853743
2014-02-28,28.65,29.33,28.57,29.07,3843500,27.24741
2014-03-03,28.73,28.91,28.450001,28.58,4060000,26.788132
2014-03-04,28.84,29.139999,28.57,28.860001,3623400,27.050577
2014-03-05,28.889999,28.98,28.66,28.870001,2446100,27.059951
2014-03-06,28.879999,29.17,28.74,28.76,2452600,26.956847
2014-03-07,28.83,28.860001,28.43,28.700001,3437300,26.900609
2014-03-10,28.719999,29.1,28.700001,29.02,2933600,27.200546
2014-03-11,29.0,29.58,28.84,29.33,4239000,27.491109
2014-03-12,29.110001,29.92,28.99,29.92,3750600,28.044119
2014-03-13,29.969999,30.139999,29.68,29.790001,3557500,27.92227
2014-03-14,29.77,29.99,29.68,29.969999,2450200,28.090983
2014-03-17,30.059999,30.08,29.75,29.889999,1473300,28.015999
2014-03-18,29.870001,30.219999,29.74,30.16,2172000,28.269071
2014-03-19,30.200001,30.639999,29.629999,29.790001,3597300,27.92227
2014-03-20,30.190001,30.48,29.780001,30.469999,3384200,28.559635
2014-03-21,30.77,30.93,30.360001,30.379999,3731900,28.475277
2014-03-24,30.530001,30.700001,30.27,30.360001,2228600,28.456533
2014-03-25,30.440001,30.77,30.120001,30.76,3128100,28.831454
2014-03-26,30.940001,31.049999,30.530001,30.860001,5051000,28.925184
2014-03-27,30.9,31.309999,30.690001,31.280001,3362800,29.318852
2014-03-28,31.389999,31.559999,31.290001,31.549999,1920700,29.571922
2014-03-31,31.639999,32.040001,31.57,31.799999,4806900,29.806248
2014-04-01,31.780001,32.02,31.6,31.68,3608500,29.693773
2014-04-02,31.84,32.200001,31.5,32.150002,4933700,30.134307
2014-04-03,32.169998,32.43,31.700001,31.93,6289200,29.928099
2014-04-04,32.049999,32.740002,32.040001,32.66,7799900,30.61233
2014-04-07,32.619999,32.779999,32.080002,32.110001,4462400,30.096814
2014-04-08,32.119999,32.439999,31.93,32.34,2887700,30.312393
2014-04-09,32.400002,33.029999,32.330002,32.880001,4146100,30.818538
2014-04-10,32.869999,33.02,32.279999,32.400002,4003900,30.368632
2014-04-11,32.290001,32.400002,31.700001,31.719999,4295300,29.731264
2014-04-14,31.99,32.240002,31.83,32.02,2196400,30.012456
2014-04-15,31.77,32.75,31.77,32.360001,4006300,30.331139
2014-04-16,32.52,32.740002,32.459999,32.650002,2970600,30.602958
2014-04-17,32.57,32.790001,32.139999,32.209999,2223400,30.190542
2014-04-21,32.23,32.599998,31.67,32.34,4340200,30.312393
2014-04-22,32.299999,32.400002,32.110001,32.349998,2403200,30.321764
2014-04-23,32.439999,32.740002,32.439999,32.639999,3991800,30.593583
2014-04-24,32.689999,33.049999,32.509998,32.970001,3524100,30.902895
2014-04-25,32.970001,33.23,32.82,33.16,2085200,31.080981
2014-04-28,33.32,33.450001,32.759998,32.970001,4165300,30.902895
2014-04-29,32.84,33.07,32.59,32.810001,3558500,30.884069
2014-04-30,32.720001,33.009998,32.549999,32.720001,3443300,30.799352
2014-05-01,32.830002,33.580002,32.830002,33.540001,3316400,31.571218
2014-05-02,33.139999,33.939999,33.139999,33.57,4508400,31.599456
2014-05-05,33.610001,33.77,33.34,33.75,4311400,31.76889
2014-05-06,34.139999,34.549999,33.759998,34.23,7168600,32.220714
2014-05-07,34.290001,35.150002,34.25,35.080002,9308900,33.020822
2014-05-08,34.970001,35.139999,34.389999,34.5,6500600,32.474866
2014-05-09,34.5,34.619999,34.040001,34.110001,4807400,32.107759
2014-05-12,34.279999,34.419998,33.790001,34.099998,4407500,32.098344
2014-05-13,34.18,34.279999,33.560001,33.68,3941300,31.703
2014-05-14,33.73,34.240002,33.599998,34.07,3802200,32.070106
2014-05-15,34.029999,34.09,33.639999,33.68,3546400,31.703
2014-05-16,33.75,33.810001,33.380001,33.779999,3747300,31.797128
2014-05-19,33.57,33.810001,33.27,33.419998,4073300,31.458259
2014-05-20,33.400002,33.630001,33.34,33.560001,3259000,31.590044
2014-05-21,33.540001,33.740002,33.279999,33.630001,2959800,31.655935
2014-05-22,33.59,33.830002,33.470001,33.650002,1970900,31.674762
2014-05-23,33.610001,33.900002,33.389999,33.720001,3267300,31.740652
2014-05-27,34.939999,35.330002,34.75,35.310001,6465600,33.23732
2014-05-28,35.200001,35.43,34.869999,35.16,3307900,33.096124
2014-05-29,35.400002,35.57,35.209999,35.549999,3581000,33.46323
2014-05-30,35.5,35.700001,35.360001,35.639999,2959900,33.547948
2014-06-02,35.700001,35.900002,35.509998,35.630001,3052800,33.538536
2014-06-03,35.599998,36.07,35.549999,36.060001,3962500,33.943296
2014-06-04,36.27,36.360001,35.950001,36.060001,2517300,33.943296
2014-06-05,36.07,36.48,35.970001,36.470001,2420500,34.329229
2014-06-06,36.470001,36.48,36.040001,36.099998,2596600,33.980945
2014-06-09,36.119999,36.470001,36.029999,36.450001,2382700,34.310402
2014-06-10,36.290001,36.509998,36.119999,36.240002,1835200,34.11273
2014-06-11,36.25,36.48,36.040001,36.279999,2226100,34.150379
2014-06-12,36.200001,36.369999,35.77,35.93,3577900,33.820926
2014-06-13,36.0,36.810001,35.889999,36.709999,2401700,34.555139
2014-06-16,36.490002,37.02,36.349998,36.959999,3082700,34.790464
2014-06-17,36.810001,37.09,36.57,36.740002,1956900,34.58338
2014-06-18,36.830002,37.57,36.830002,37.529999,2858400,35.327005
2014-06-19,37.599998,38.09,37.57,37.66,4883300,35.449375
2014-06-20,37.77,37.860001,37.189999,37.240002,6264000,35.05403
2014-06-23,37.32,37.439999,36.740002,37.040001,2706300,34.86577
2014-06-24,37.099998,37.389999,36.66,36.75,2380500,34.592792
2014-06-25,36.709999,36.93,36.549999,36.830002,2728500,34.668097
2014-06-26,36.860001,37.029999,36.560001,36.669998,2488200,34.517486
2014-06-27,36.619999,37.09,36.549999,37.049999,3002600,34.875181
2014-06-30,37.060001,37.419998,37.029999,37.200001,2693500,35.016378
2014-07-01,37.290001,37.389999,36.209999,36.34,3602600,34.206859
2014-07-02,36.299999,36.439999,35.59,35.759998,4133900,33.660903
2014-07-03,35.43,35.68,35.220001,35.509998,1993100,33.425577
2014-07-07,35.599998,35.68,34.84,34.990002,4588100,32.936104
2014-07-08,35.029999,35.470001,35.0,35.450001,3187300,33.369102
2014-07-09,35.48,35.830002,35.259998,35.549999,3015000,33.46323
2014-07-10,35.099998,35.540001,35.060001,35.360001,1988700,33.284385
2014-07-11,35.27,35.400002,34.389999,34.549999,3595600,32.52193
2014-07-14,34.540001,34.57,33.66,33.689999,5980100,31.712411
2014-07-15,33.830002,33.919998,33.16,33.23,7456300,31.279414
2014-07-16,33.450001,33.5,32.849998,32.900002,4219800,30.968786
2014-07-17,32.900002,33.0,31.77,31.790001,7401100,29.923942
2014-07-18,31.9,32.400002,31.59,32.290001,7311000,30.394592
2014-07-21,32.130001,32.200001,31.790001,31.809999,5649800,29.942767
2014-07-22,31.98,32.009998,31.32,31.389999,4891800,29.547421
2014-07-23,31.35,31.82,31.23,31.58,5699100,29.726268
2014-07-24,31.58,31.85,31.389999,31.68,4113900,29.820399
2014-07-25,31.540001,31.799999,31.34,31.35,2829000,29.50977
2014-07-28,31.040001,31.98,31.0,31.77,4077900,29.905116
2014-07-29,31.76,31.85,31.120001,31.129999,4899500,29.302682
2014-07-30,30.98,31.299999,30.700001,30.82,4475900,29.14194
2014-07-31,30.27,31.200001,30.27,30.959999,5949100,29.274316
2014-08-01,30.08,31.16,30.08,30.73,4385900,29.05684
2014-08-04,30.75,31.08,30.17,31.030001,5096500,29.340507
2014-08-05,31.07,31.23,30.52,30.719999,6271600,29.047384
2014-08-06,30.51,30.58,30.08,30.110001,5793200,28.470598
2014-08-07,30.190001,30.540001,29.540001,29.83,6224600,28.205843
2014-08-08,29.809999,29.809999,29.17,29.620001,6636000,28.007277
2014-08-11,29.709999,29.84,29.299999,29.33,3684500,27.733066
2014-08-12,29.35,29.52,29.07,29.200001,3916600,27.610145
2014-08-13,29.309999,29.34,29.09,29.299999,2443500,27.704699
2014-08-14,29.32,29.58,29.129999,29.42,3169900,27.818166
2014-08-15,29.469999,29.629999,29.030001,29.16,3840700,27.572322
2014-08-18,29.23,29.32,28.969999,29.059999,2638300,27.477766
2014-08-19,29.15,29.709999,29.0,29.629999,4951000,28.016731
2014-08-20,29.620001,29.870001,29.389999,29.76,2546600,28.139654
2014-08-21,29.85,30.35,29.84,30.01,3052000,28.376042
2014-08-22,30.0,30.059999,29.549999,29.6,1914100,27.988366
2014-08-25,29.67,29.860001,29.52,29.73,2654200,28.111287
2014-08-26,29.719999,30.0,29.620001,29.74,2487500,28.120743
2014-08-27,29.799999,30.48,29.67,30.389999,4188500,28.735352
2014-08-28,30.450001,30.530001,30.200001,30.48,2480400,28.820452
2014-08-29,30.450001,30.82,30.4,30.780001,2453900,29.104118
2014-09-02,30.82,30.879999,30.290001,30.469999,3325000,28.810996
2014-09-03,30.440001,30.65,30.15,30.52,3818900,28.858274
2014-09-04,30.49,30.610001,30.200001,30.299999,2216200,28.650252
2014-09-05,30.35,31.18,30.299999,30.889999,4680300,29.208128
2014-09-08,30.92,30.959999,30.530001,30.799999,2215700,29.123028
2014-09-09,30.690001,30.83,30.469999,30.51,2987200,28.848819
2014-09-10,30.549999,30.83,30.379999,30.709999,2772300,29.037928
2014-09-11,30.719999,31.01,30.530001,30.98,2926400,29.293228
2014-09-12,30.84,30.91,30.17,30.280001,2806200,28.631342
2014-09-15,30.4,30.5,30.02,30.200001,2476800,28.555698
2014-09-16,30.200001,30.74,30.110001,30.67,3959300,29.000107
2014-09-17,30.82,30.99,30.51,30.559999,3449200,28.896096
2014-09-18,30.6,30.889999,30.52,30.799999,2871000,29.123028
2014-09-19,30.950001,31.290001,30.799999,31.25,5385900,29.548528
2014-09-22,31.139999,31.280001,30.85,30.950001,3534000,29.264863
2014-09-23,31.02,31.049999,30.58,30.76,5840700,29.085207
2014-09-24,30.780001,30.809999,30.07,30.07,3121200,28.432775
2014-09-25,30.02,30.26,29.74,29.77,4100100,28.14911
2014-09-26,29.65,29.85,29.4,29.799999,2923000,28.177475
2014-09-29,29.620001,30.48,29.620001,30.41,3927800,28.754263
2014-09-30,30.43,30.690001,30.139999,30.48,4080400,28.820452
2014-10-01,30.68,31.35,30.68,31.190001,7929200,29.491795
2014-10-02,31.09,31.76,31.030001,31.49,6470700,29.77546
2014-10-03,31.58,31.639999,31.26,31.559999,4062200,29.841649
2014-10-06,31.57,31.690001,31.360001,31.5,2133200,29.784916
2014-10-07,31.360001,31.940001,31.290001,31.35,6468400,29.643083
2014-10-08,31.43,31.879999,31.42,31.809999,5634400,30.078037
2014-10-09,31.77,31.969999,30.99,31.040001,4669000,29.349962
2014-10-10,31.16,31.379999,30.08,30.139999,5712000,28.498963
2014-10-13,30.16,30.24,29.07,29.129999,5236400,27.543955
2014-10-14,29.309999,29.57,27.940001,28.120001,9637900,26.588948
2014-10-15,27.790001,28.0,26.43,27.110001,10270100,25.633939
2014-10-16,26.780001,28.32,26.530001,28.08,7779300,26.551125
2014-10-17,28.209999,28.620001,27.940001,28.209999,4108300,26.674046
2014-10-20,28.18,28.549999,28.08,28.440001,2265500,26.891525
2014-10-21,28.530001,28.639999,28.17,28.610001,3543400,27.052269
2014-10-22,28.629999,29.49,28.58,29.18,3629700,27.591233
2014-10-23,29.440001,29.639999,29.07,29.34,1974900,27.742522
2014-10-24,29.540001,29.969999,29.360001,29.719999,3338500,28.101831
2014-10-27,29.549999,29.629999,28.73,28.75,3482500,27.184645
2014-10-28,28.799999,29.24,28.709999,29.24,2936500,27.647966
2014-10-29,29.190001,29.530001,28.85,29.219999,2407200,27.629055
2014-10-30,29.07,29.790001,29.049999,29.75,2582900,28.265626
2014-10-31,29.84,30.139999,29.549999,29.98,3639700,28.48415
2014-11-03,30.1,30.549999,30.02,30.43,4763100,28.911698
2014-11-04,30.389999,30.52,29.68,29.940001,3392700,28.446146
2014-11-05,30.309999,32.450001,30.18,32.27,10105300,30.659891
2014-11-06,32.099998,32.779999,31.75,32.630001,6500800,31.001929
2014-11-07,32.529999,33.799999,32.509998,33.720001,5383200,32.037544
2014-11-10,33.740002,33.919998,33.07,33.169998,4394900,31.514983
2014-11-11,33.139999,33.290001,32.759998,33.16,3856900,31.505484
2014-11-12,32.900002,33.009998,32.380001,32.439999,3547200,30.821407
2014-11-13,32.439999,32.560001,31.49,31.549999,3973200,29.975814
2014-11-14,31.48,31.610001,31.16,31.309999,2479000,29.747789
2014-11-17,31.23,31.73,31.02,31.68,3882700,30.099329
2014-11-18,31.129999,32.060001,31.129999,31.74,3203000,30.156335
2014-11-19,31.66,31.73,31.190001,31.299999,2548500,29.738288
2014-11-20,31.190001,31.49,31.09,31.15,2639000,29.595773
2014-11-21,31.33,31.469999,30.91,31.309999,3750200,29.747789
2014-11-24,31.34,31.639999,30.959999,31.0,2931800,29.453257
2014-11-25,31.1,31.1,30.5,30.74,3507200,29.20623
2014-11-26,30.85,31.01,30.459999,30.92,2228000,29.377249
2014-11-28,30.790001,31.309999,30.620001,31.26,1411900,29.700285
2014-12-01,31.0,31.27,30.85,30.860001,2423800,29.320243
2014-12-02,30.73,31.129999,30.57,30.85,3035900,29.310742
2014-12-03,30.73,30.73,28.68,29.32,11282300,27.85708
2014-12-04,29.360001,29.67,28.33,28.530001,7394200,27.106498
2014-12-05,28.42,28.6,28.0,28.27,4931400,26.859471
2014-12-08,28.32,28.360001,27.610001,27.67,4665000,26.289407
2014-12-09,27.809999,28.059999,27.559999,27.84,5645700,26.450925
2014-12-10,27.860001,27.92,26.91,26.950001,5228900,25.605332
2014-12-11,26.99,27.33,26.799999,26.92,5754800,25.576829
2014-12-12,26.68,26.98,26.370001,26.66,4343700,25.329801
2014-12-15,26.709999,26.809999,25.959999,26.120001,4418900,24.816745
2014-12-16,26.02,26.549999,25.77,25.83,4810700,24.541214
2014-12-17,26.049999,27.01,25.959999,26.75,5430200,25.415311
2014-12-18,26.969999,27.790001,26.969999,27.76,5409600,26.374917
2014-12-19,27.82,27.98,26.959999,27.02,7165800,25.671839
2014-12-22,27.129999,27.16,26.190001,26.6,4394200,25.272795
2014-12-23,26.639999,27.299999,26.629999,27.139999,2186900,25.785851
2014-12-24,27.09,27.860001,27.09,27.74,2187500,26.355914
2014-12-26,27.74,28.030001,27.620001,27.9,2190600,26.507931
2014-12-29,27.85,28.389999,27.83,28.16,3937800,26.754959
2014-12-30,28.07,28.110001,27.65,27.700001,2591100,26.317911
2014-12-31,27.73,27.76,26.940001,26.950001,4749400,25.605332
2015-01-02,27.030001,27.58,26.85,27.5,4712900,26.127889
2015-01-05,27.9,27.9,26.24,26.450001,4980200,25.13028
2015-01-06,26.549999,26.66,25.860001,26.110001,4623400,24.807244
2015-01-07,26.379999,26.719999,26.120001,26.23,3567800,24.921256
2015-01-08,26.25,26.9,26.219999,26.809999,3245400,25.472316
2015-01-09,27.190001,27.32,26.879999,27.139999,3492100,25.785851
2015-01-12,27.1,27.1,26.51,26.690001,3439700,25.358305
2015-01-13,26.370001,27.030001,26.33,26.879999,5944900,25.538824
2015-01-14,26.440001,27.01,26.280001,26.969999,4112000,25.624333
2015-01-15,26.969999,27.42,26.5,26.57,4819700,25.244291
2015-01-16,26.540001,26.950001,26.059999,26.299999,5447800,24.987763
2015-01-20,26.5,26.5,24.6,24.68,6382000,23.448593
2015-01-21,24.959999,25.58,24.57,25.469999,8804100,24.199176
2015-01-22,25.5,25.629999,24.719999,25.09,4536300,23.838136
2015-01-23,25.15,25.299999,25.0,25.040001,3082100,23.790632
2015-01-26,24.93,25.549999,24.870001,25.540001,2051300,24.265684
2015-01-27,25.450001,25.6,25.23,25.34,2478700,24.075663
2015-01-28,25.370001,25.57,24.59,24.610001,3536200,23.382086
2015-01-29,24.51,24.540001,23.76,24.43,6014600,23.348635
2015-01-30,24.200001,25.26,24.129999,24.66,5081100,23.568454
2015-02-02,24.700001,25.370001,24.34,25.219999,4732700,24.103665
2015-02-03,25.209999,26.370001,25.209999,26.040001,6356500,24.88737
2015-02-04,25.889999,26.190001,25.559999,26.040001,5277600,24.88737
2015-02-05,26.18,26.51,26.030001,26.34,3833400,25.174091
2015-02-06,26.24,26.290001,25.16,25.280001,3325900,24.161011
2015-02-09,25.34,26.469999,25.26,26.030001,4397200,24.877813
2015-02-10,26.08,26.66,25.65,26.549999,3870500,25.374794
2015-02-11,26.299999,26.32,25.73,25.790001,3923600,24.648436
2015-02-12,25.860001,25.91,25.32,25.459999,2969300,24.333042
2015-02-13,25.299999,25.620001,25.18,25.370001,2776700,24.247027
2015-02-17,25.219999,25.219999,24.639999,24.98,4148100,23.874289
2015-02-18,25.389999,26.129999,24.780001,25.92,3628200,24.772681
2015-02-19,25.9,25.92,24.92,25.34,5299800,24.218354
2015-02-20,25.4,25.469999,24.969999,25.389999,3259100,24.266141
2015-02-23,25.360001,25.43,24.92,25.34,2538800,24.218354
2015-02-24,25.33,26.17,25.32,25.879999,3262500,24.734451
2015-02-25,25.870001,25.92,25.290001,25.379999,2414500,24.256583
2015-02-26,25.370001,25.4,24.75,24.77,4176900,23.673585
2015-02-27,25.799999,25.85,23.620001,23.98,5528800,22.918553
2015-03-02,23.98,23.98,23.209999,23.389999,5423000,22.354668
2015-03-03,23.41,24.299999,23.389999,24.139999,4761300,23.07147
2015-03-04,24.049999,24.440001,23.82,24.389999,4188700,23.310404
2015-03-05,24.540001,25.190001,24.389999,25.07,4996700,23.960305
2015-03-06,24.950001,24.969999,24.41,24.49,5034800,23.405978
2015-03-09,24.559999,24.65,23.639999,23.719999,5089400,22.670061
2015-03-10,23.549999,23.76,23.33,23.389999,5690800,22.354668
2015-03-11,23.42,23.629999,23.1,23.120001,4633800,22.096621
2015-03-12,23.25,23.42,23.110001,23.280001,3797400,22.249538
2015-03-13,23.129999,23.66,22.780001,23.469999,5190300,22.431127
2015-03-16,23.780001,23.99,23.65,23.780001,4158200,22.727407
2015-03-17,23.74,24.4,23.73,24.33,2971100,23.253061
2015-03-18,24.209999,25.58,24.18,25.34,5036100,24.218354
2015-03-19,25.08,25.450001,24.43,24.620001,3506500,23.530225
2015-03-20,24.809999,25.5,24.700001,25.450001,5664300,24.323486
2015-03-23,25.389999,26.08,25.370001,25.73,3895400,24.591091
2015-03-24,25.73,25.92,25.209999,25.290001,6032200,24.170568
2015-03-25,25.43,25.459999,24.690001,24.76,2813100,23.664028
2015-03-26,24.83,25.190001,24.639999,24.66,3815100,23.568454
2015-03-27,24.66,24.85,24.07,24.200001,4548400,23.128816
2015-03-30,24.35,25.24,24.200001,24.92,5634600,23.816945
2015-03-31,24.9,25.26,24.790001,25.190001,4283900,24.074994
2015-04-01,24.99,24.99,23.530001,23.6,9702700,22.555374
2015-04-02,23.66,24.299999,23.66,23.99,5972000,22.92811
2015-04-06,23.93,24.629999,23.59,24.5,4588500,23.415536
2015-04-07,24.52,25.059999,24.25,24.889999,4397500,23.788272
2015-04-08,25.1,25.309999,24.84,24.92,4759600,23.816945
2015-04-09,24.93,25.040001,24.379999,24.610001,3750700,23.520667
2015-04-10,24.65,24.77,24.389999,24.57,2280200,23.482437
2015-04-13,24.620001,24.959999,24.43,24.59,3138100,23.501552
2015-04-14,24.57,24.799999,24.15,24.35,3883600,23.272176
2015-04-15,24.51,25.299999,24.459999,25.15,5177500,24.036764
2015-04-16,25.1,25.35,24.700001,25.1,2909900,23.988978
2015-04-17,24.950001,25.17,24.75,24.959999,3858600,23.855174
2015-04-20,25.1,25.99,25.049999,25.91,5317200,24.763124
2015-04-21,25.969999,26.17,25.34,25.469999,4260600,24.342599
2015-04-22,25.450001,25.450001,24.950001,25.07,3802900,23.960305
2015-04-23,25.059999,25.34,24.6,24.709999,4254100,23.61624
2015-04-24,24.73,26.93,24.6,25.530001,6397600,24.399945
2015-04-27,25.459999,25.66,25.120001,25.309999,5984200,24.189682
2015-04-28,25.209999,25.65,25.120001,25.610001,4163200,24.476404
2015-04-29,25.26,25.73,25.08,25.66,3924700,24.663834
2015-04-30,25.469999,25.530001,24.879999,25.24,5388900,24.260139
2015-05-01,25.280001,25.459999,25.07,25.24,4253800,24.260139
2015-05-04,25.290001,25.92,25.190001,25.52,4236000,24.529269
2015-05-05,25.52,25.92,24.98,25.110001,5289600,24.135186
2015-05-06,25.209999,25.379999,24.450001,24.59,4594400,23.635373
2015-05-07,24.58,25.209999,24.389999,24.969999,5990500,24.00062
2015-05-08,25.530001,26.780001,25.51,26.4,7024700,25.375105
2015-05-11,26.41,26.469999,25.959999,26.0,4665900,24.990634
2015-05-12,25.879999,26.49,25.57,26.43,3960700,25.403941
2015-05-13,26.549999,26.620001,25.969999,26.059999,3488900,25.048305
2015-05-14,26.129999,26.34,25.6,25.790001,2847200,24.788788
2015-05-15,25.790001,26.25,25.530001,26.1,2795500,25.086753
2015-05-18,25.99,26.110001,25.68,26.049999,1866400,25.038693
2015-05-19,25.879999,25.91,25.58,25.799999,2362900,24.798398
2015-05-20,25.790001,25.940001,25.549999,25.73,1563600,24.731116
2015-05-21,25.66,26.16,25.620001,26.1,2304300,25.086753
2015-05-22,25.959999,26.049999,25.799999,25.969999,1704700,24.961798
2015-05-26,25.879999,25.879999,25.18,25.290001,3218900,24.308199
2015-05-27,25.299999,25.549999,25.16,25.35,5283200,24.365869
2015-05-28,25.360001,25.74,25.25,25.42,3586600,24.433151
2015-05-29,25.33,25.440001,24.85,25.200001,3508800,24.221692
2015-06-01,25.17,25.299999,25.01,25.139999,2175700,24.16402
2015-06-02,25.0,25.059999,24.540001,24.719999,3958400,23.760326
2015-06-03,24.709999,24.75,24.209999,24.709999,4027700,23.750714
2015-06-04,24.58,24.780001,24.32,24.389999,3912000,23.443137
2015-06-05,24.190001,24.58,23.91,24.379999,3226600,23.433525
2015-06-08,24.35,24.389999,23.91,24.030001,3029500,23.097114
2015-06-09,24.059999,24.190001,23.85,23.860001,4445600,22.933713
2015-06-10,24.559999,25.23,24.469999,24.620001,6116400,23.664209
2015-06-11,24.799999,24.799999,24.15,24.530001,3134300,23.577703
2015-06-12,24.450001,24.57,24.0,24.18,2781000,23.24129
2015-06-15,24.1,24.200001,23.870001,23.940001,2533700,23.010608
2015-06-16,23.93,24.23,23.74,24.209999,2483100,23.270124
2015-06-17,24.209999,24.469999,24.01,24.41,3435500,23.462361
2015-06-18,24.440001,25.07,24.41,24.969999,4863000,24.00062
2015-06-19,25.129999,25.18,24.809999,24.92,4770800,23.952562
2015-06-22,25.01,25.389999,24.98,25.09,3007000,24.115962
2015-06-23,25.23,25.280001,24.940001,24.99,3579600,24.019844
2015-06-24,24.9,25.049999,24.85,24.889999,4418300,23.923726
2015-06-25,24.940001,24.959999,24.309999,24.360001,3624700,23.414303
2015-06-26,24.33,24.35,24.059999,24.200001,4166900,23.260514
2015-06-29,24.08,24.17,23.42,23.440001,4313700,22.530019
2015-06-30,23.51,23.58,22.83,22.879999,6531000,21.991757
2015-07-01,22.99,23.0,22.32,22.450001,5229000,21.578452
2015-07-02,22.66,22.780001,22.23,22.6,4344800,21.722629
2015-07-06,22.780001,22.82,22.459999,22.76,4338200,21.876417
2015-07-07,22.75,23.219999,22.629999,23.1,4839400,22.203218
2015-07-08,22.93,23.059999,22.049999,22.1,3674000,21.24204
2015-07-09,22.309999,22.360001,21.709999,21.889999,4033700,21.040191
2015-07-10,22.1,22.1,21.65,21.76,4933400,20.915239
2015-07-13,21.879999,22.24,21.639999,22.23,3034800,21.366992
2015-07-14,22.83,22.83,22.0,22.08,2920600,21.222816
2015-07-15,22.120001,22.190001,21.76,21.889999,2500100,21.040191
2015-07-16,21.93,22.459999,21.77,22.25,2902900,21.386216
2015-07-17,22.23,22.41,22.02,22.24,2888100,21.376604
2015-07-20,22.290001,22.299999,21.379999,21.57,6682600,20.732614
2015-07-21,21.549999,21.57,20.959999,21.059999,3878200,20.242413
2015-07-22,21.02,22.030001,20.950001,21.98,5515900,21.126697
2015-07-23,21.940001,22.030001,21.48,21.65,4074000,20.809509
2015-07-24,21.57,21.639999,21.370001,21.4,5251100,20.569214
2015-07-27,21.4,21.860001,21.280001,21.549999,5097300,20.71339
2015-07-28,21.57,22.190001,21.48,22.16,4874600,21.29971
2015-07-29,22.07,22.16,21.780001,22.0,3431400,21.145921
2015-07-30,21.780001,22.58,21.690001,22.360001,3143500,21.634537
2015-07-31,22.51,23.07,22.389999,22.450001,3948900,21.721617
2015-08-03,22.389999,22.6,21.959999,22.27,5873900,21.547457
2015-08-04,21.68,21.9,19.91,20.040001,15806400,19.389809
2015-08-05,20.059999,20.959999,19.950001,20.030001,7234600,19.380133
2015-08-06,19.99,19.99,19.190001,19.43,8551700,18.799599
2015-08-07,19.42,20.200001,19.4,19.6,5782100,18.964084
2015-08-10,19.41,20.129999,19.360001,19.85,5558300,19.205973
2015-08-11,19.77,19.91,19.09,19.23,5165700,18.606088
2015-08-12,19.200001,20.540001,18.950001,20.530001,7055600,19.863911
2015-08-13,20.530001,20.719999,20.190001,20.33,3776100,19.670399
2015-08-14,20.23,20.83,20.23,20.790001,3873000,20.115475
2015-08-17,20.73,21.280001,20.719999,21.24,4660800,20.550874
2015-08-18,21.129999,21.219999,20.77,20.99,2813100,20.308985
2015-08-19,20.83,21.24,20.719999,20.959999,5524000,20.279958
2015-08-20,20.83,21.030001,20.290001,20.299999,4372500,19.641372
2015-08-21,20.08,20.209999,19.49,19.58,5598300,18.944732
2015-08-24,19.030001,20.360001,18.98,19.219999,10988800,18.596412
2015-08-25,19.85,20.389999,18.879999,18.9,6926200,18.286795
2015-08-26,19.360001,19.360001,18.549999,19.07,5600100,18.451279
2015-08-27,19.17,20.200001,19.129999,19.82,6723500,19.176945
2015-08-28,19.83,20.450001,19.809999,20.219999,3367100,19.563967
2015-08-31,20.030001,20.309999,19.49,19.92,5375500,19.273701
2015-09-01,19.629999,19.799999,19.059999,19.24,4611700,18.615763
2015-09-02,19.67,19.709999,18.57,18.68,5740100,18.073933
2015-09-03,18.700001,19.48,18.549999,18.9,5498600,18.286795
2015-09-04,18.66,18.68,17.92,17.93,5763800,17.348267
2015-09-08,18.290001,18.43,18.139999,18.41,5226300,17.812693
2015-09-09,18.549999,18.76,17.969999,18.0,4310600,17.415995
2015-09-10,17.950001,18.379999,17.690001,18.35,6888100,17.75464
2015-09-11,18.23,18.450001,18.139999,18.450001,3488200,17.851396
2015-09-14,18.469999,18.51,18.200001,18.42,4808500,17.822368
2015-09-15,18.65,19.24,18.610001,19.049999,6023300,18.431927
2015-09-16,19.040001,19.139999,18.83,18.969999,6446200,18.354523
2015-09-17,18.98,19.530001,18.68,19.17,7428100,18.548035
2015-09-18,19.139999,19.26,17.75,17.98,15523100,17.396644
2015-09-21,18.25,18.370001,16.33,16.4,14325600,15.867906
2015-09-22,16.450001,16.450001,14.94,15.36,19685900,14.861649
2015-09-23,15.12,15.99,15.1,15.43,11341500,14.929378
2015-09-24,15.24,15.66,14.98,15.48,10102900,14.977755
2015-09-25,15.65,15.73,14.99,15.07,10803700,14.581058
2015-09-28,15.07,15.17,14.81,14.89,9496600,14.406899
2015-09-29,14.94,14.96,14.43,14.47,9956500,14.000525
2015-09-30,14.59,14.95,14.59,14.85,10736900,14.368196
2015-10-01,14.87,15.04,14.67,14.74,11130300,14.261765
2015-10-02,14.55,14.98,14.55,14.87,14113000,14.387547
2015-10-05,15.0,15.91,15.0,15.79,12920200,15.277698
2015-10-06,15.83,15.93,15.42,15.78,5083800,15.268022
2015-10-07,15.88,16.110001,15.35,15.4,7447900,14.900351
2015-10-08,15.35,15.61,15.02,15.45,13124400,14.948729
2015-10-09,15.48,15.6,15.14,15.46,5324100,14.958405
2015-10-12,15.51,15.58,14.79,14.91,4810400,14.426249
2015-10-13,14.93,15.38,14.55,15.03,7284600,14.542356
2015-10-14,15.1,15.48,14.97,15.2,4839600,14.70684
2015-10-15,15.25,15.43,15.02,15.38,3516300,14.881
2015-10-16,15.4,15.48,14.78,15.02,4651900,14.532681
2015-10-19,14.88,14.96,14.56,14.8,4159700,14.319818
2015-10-20,14.79,15.38,14.79,15.25,5477300,14.755218
2015-10-21,15.25,15.32,14.76,14.8,4224000,14.319818
2015-10-22,14.9,15.05,14.66,14.92,5609400,14.435925
2015-10-23,14.93,14.94,13.96,14.02,7593600,13.565126
2015-10-26,14.03,14.05,13.08,13.15,9598700,12.723352
2015-10-27,13.15,13.18,12.62,12.65,15136500,12.239574
2015-10-28,12.66,13.34,12.65,13.03,8364600,12.607245
2015-10-29,12.85,13.02,12.82,12.89,4403200,12.612138
2015-10-30,12.82,12.97,12.65,12.89,4596400,12.612138
2015-11-02,12.86,13.44,12.75,13.36,7998800,13.072006
2015-11-03,13.3,13.81,13.29,13.48,7984600,13.189419
2015-11-04,13.93,14.54,13.67,14.08,10410700,13.776485
2015-11-05,13.95,14.07,13.46,13.58,7089400,13.287264
2015-11-06,13.38,13.51,13.03,13.51,6664900,13.218773
2015-11-09,13.48,13.8,13.12,13.3,6140600,13.0133
2015-11-10,13.16,13.75,13.16,13.58,4705400,13.287264
2015-11-11,13.65,13.74,12.86,13.03,6904100,12.749119
2015-11-12,12.89,13.12,12.49,12.51,7222600,12.240329
2015-11-13,12.54,12.85,12.33,12.61,8722100,12.338173
2015-11-16,12.54,12.83,12.51,12.72,7307400,12.445802
2015-11-17,12.72,12.74,11.96,12.02,4630100,11.760892
2015-11-18,12.12,12.33,11.83,12.13,11028600,11.868521
2015-11-19,12.18,12.18,11.63,11.93,5685000,11.672832
2015-11-20,12.09,12.1,11.77,12.0,4181000,11.741323
2015-11-23,12.09,12.23,11.83,12.15,6477200,11.888089
2015-11-24,12.05,12.68,12.05,12.62,6917800,12.347958
2015-11-25,12.55,12.55,12.08,12.18,6371000,11.917443
2015-11-27,12.18,12.23,11.55,11.62,3425900,11.369514
2015-11-30,11.67,12.42,11.51,12.36,8749800,12.093562
2015-12-01,12.18,12.65,12.04,12.35,6499100,12.083778
2015-12-02,12.21,12.21,10.52,10.79,14984800,10.557406
2015-12-03,11.01,11.65,10.71,10.97,17098200,10.733526
2015-12-04,10.94,10.95,8.81,9.0,28919500,8.805992
2015-12-07,8.91,9.71,8.8,9.55,14567100,9.344136
2015-12-08,9.45,10.38,9.2,10.09,17914200,9.872496
2015-12-09,10.09,10.66,9.95,10.55,11716200,10.32258
2015-12-10,10.5,10.85,10.35,10.47,7126900,10.244304
2015-12-11,10.33,10.41,10.09,10.14,8512800,9.921418
2015-12-14,10.12,10.27,9.12,9.2,10894500,9.001681
2015-12-15,9.26,9.68,9.22,9.28,9406800,9.079956
2015-12-16,9.35,9.73,9.24,9.64,9996500,9.432196
2015-12-17,9.63,9.72,9.22,9.52,6540600,9.314783
2015-12-18,9.43,10.41,9.43,10.37,21494300,10.14646
2015-12-21,10.22,11.2,10.05,11.07,12196100,10.83137
2015-12-22,10.98,11.25,10.73,10.9,6320100,10.665034
2015-12-23,11.0,11.76,10.96,11.54,6631500,11.291239
2015-12-24,11.52,11.71,11.37,11.5,4220000,11.252101
2015-12-28,11.5,11.58,11.06,11.37,4710900,11.124903
2015-12-29,11.44,11.71,11.02,11.55,5219100,11.301023
2015-12-30,11.36,11.66,11.08,11.09,3956200,10.850939
2015-12-31,11.11,11.94,11.1,11.77,4772000,11.516281
2016-01-04,11.57,11.88,11.24,11.53,6279800,11.281454
2016-01-05,11.57,12.04,11.12,11.97,6550300,11.71197
2016-01-06,11.72,11.79,10.94,11.03,8211400,10.792232
2016-01-07,10.83,11.66,10.73,11.26,6546400,11.017275
2016-01-08,11.36,11.74,11.06,11.34,6937800,11.09555
2016-01-11,11.33,11.37,10.18,10.23,10061300,10.009477
2016-01-12,10.31,10.66,9.79,9.9,9426800,9.686591
2016-01-13,10.04,10.27,9.58,9.82,8335300,9.608315
2016-01-14,9.87,10.6,9.64,10.48,8482300,10.254088
2016-01-15,10.14,10.24,9.52,10.11,6972900,9.892064
2016-01-19,10.22,10.4,9.86,10.03,7006900,9.813789
2016-01-20,9.71,9.79,8.92,9.58,9379500,9.373489
2016-01-21,9.6,10.48,9.57,9.89,9008100,9.676807
2016-01-22,10.04,10.24,9.73,9.93,8052800,9.715945
2016-01-25,9.63,9.76,8.93,8.98,7453200,8.786423
2016-01-26,9.18,9.73,8.96,9.67,5084100,9.461549
2016-01-27,9.68,10.29,9.46,9.89,7390400,9.676807
2016-01-28,9.82,10.15,9.65,10.1,6482800,10.029323
2016-01-29,10.3,10.79,10.3,10.64,7807900,10.565544
2016-02-01,10.63,10.76,10.11,10.67,6163000,10.595334
2016-02-02,10.57,10.75,10.2,10.71,5154100,10.635054
2016-02-03,10.84,11.68,10.82,11.38,8692500,11.300366
2016-02-04,11.24,12.14,11.19,11.68,11622800,11.598266
2016-02-05,11.6,11.81,11.16,11.57,11192500,11.489036
2016-02-08,11.42,11.92,10.95,11.14,9316300,11.062045
2016-02-09,10.9,11.01,10.6,10.84,5342900,10.764144
2016-02-10,10.77,10.97,10.17,10.7,5083900,10.625124
2016-02-11,10.44,10.57,9.53,9.59,5993100,9.522892
2016-02-12,9.7,9.73,9.03,9.58,6319600,9.512961
2016-02-16,9.57,9.8,9.5,9.7,4103200,9.632121
2016-02-17,9.81,10.75,9.78,10.2,6843000,10.128623
2016-02-18,10.2,10.53,10.06,10.43,7247200,10.357014
2016-02-19,10.28,10.29,9.76,10.01,5761600,9.939953
2016-02-22,10.15,10.58,10.12,10.57,6488700,10.496033
2016-02-23,10.45,10.55,10.14,10.32,4410900,10.247783
2016-02-24,10.18,10.95,9.97,10.83,6341400,10.754214
2016-02-25,10.86,11.37,10.66,10.9,3836800,10.823724
2016-02-26,10.97,11.32,10.93,11.08,5193400,11.002465
2016-02-29,10.35,10.98,10.11,10.78,10349500,10.704564
2016-03-01,10.87,11.28,10.66,11.26,6735600,11.181205
2016-03-02,11.13,12.19,11.05,12.16,5908300,12.074907
2016-03-03,12.11,12.77,12.07,12.52,7250600,12.432388
2016-03-04,12.49,13.3,12.44,13.07,8034300,12.978539
2016-03-07,13.06,14.16,13.03,13.64,9337800,13.544551
2016-03-08,13.59,13.65,12.45,12.51,9361400,12.422458
2016-03-09,12.57,12.84,12.0,12.36,15573300,12.273507
2016-03-10,12.44,13.01,12.25,12.89,7738800,12.799799
2016-03-11,13.13,13.87,13.12,13.74,8501900,13.64385
2016-03-14,13.73,13.94,13.51,13.67,6334900,13.574341
2016-03-15,13.54,13.57,12.84,13.3,5352200,13.20693
2016-03-16,13.35,13.9,13.25,13.85,5218900,13.753081
2016-03-17,14.06,14.37,13.59,13.96,5091800,13.862311
2016-03-18,13.97,14.47,13.64,13.7,8065700,13.60413
2016-03-21,13.67,14.0,13.49,13.56,4556800,13.465111
2016-03-22,13.5,13.92,13.38,13.77,3819100,13.673641
2016-03-23,13.69,13.72,12.98,12.99,4170300,12.899099
2016-03-24,12.86,13.18,12.35,13.14,5809700,13.04805
2016-03-28,13.2,13.25,12.67,12.89,3114900,12.799799
2016-03-29,12.78,13.23,12.1,13.22,7167000,13.12749
2016-03-30,13.35,13.56,12.93,12.94,5551600,12.849449
2016-03-31,12.94,13.2,12.82,13.01,5116800,12.918959
2016-04-01,12.98,12.99,12.33,12.77,7085200,12.680639
2016-04-04,12.77,13.27,12.62,12.81,6554300,12.720359
2016-04-05,12.7,12.75,12.2,12.21,12557900,12.124557
2016-04-06,12.29,12.35,11.69,12.03,10375700,11.945817
2016-04-07,12.02,12.49,11.97,12.24,8468700,12.154347
2016-04-08,12.47,13.0,12.47,12.67,5634600,12.581338
2016-04-11,12.77,13.36,12.7,13.11,5292800,13.018259
2016-04-12,13.14,13.38,12.84,13.28,4739300,13.187069
2016-04-13,13.31,13.65,13.07,13.43,4157500,13.33602
2016-04-14,13.43,13.55,13.24,13.31,3609000,13.21686
2016-04-15,13.22,13.8,13.15,13.65,4331300,13.55448
2016-04-18,13.29,13.92,13.12,13.78,5437400,13.683571
2016-04-19,13.91,14.33,13.73,14.31,7431300,14.209862
2016-04-20,14.3,14.3,13.9,14.08,6106800,13.981471
2016-04-21,14.11,14.37,13.85,13.99,6258100,13.892101
2016-04-22,14.08,14.57,14.01,14.2,5664500,14.100632
2016-04-25,14.1,14.32,13.97,14.18,5069200,14.080772
2016-04-26,14.21,14.56,14.2,14.55,5349500,14.448183
2016-04-27,14.64,15.26,14.62,14.98,8405500,14.875173
2016-04-28,14.85,15.33,14.67,15.0,6280500,14.924923
2016-04-29,15.1,15.25,14.85,15.1,5496800,15.024423
2016-05-02,15.01,15.08,14.76,14.9,7783500,14.825423
2016-05-03,14.75,14.78,13.92,14.03,5892400,13.959778
2016-05-04,14.13,14.69,14.11,14.62,7503300,14.546825
2016-05-05,14.92,15.68,14.77,14.86,7549500,14.785624
2016-05-06,14.88,15.59,14.84,15.52,6041800,15.442321
2016-05-09,15.66,15.77,15.25,15.65,5664100,15.571669
2016-05-10,15.75,15.97,15.56,15.95,4599100,15.870168
2016-05-11,15.95,16.15,15.6,15.77,5384400,15.69107
2016-05-12,15.89,16.030001,15.52,15.63,4776800,15.55177
2016-05-13,15.58,15.8,15.38,15.45,4175200,15.372671
2016-05-16,15.5,15.96,15.44,15.76,5913900,15.68112
2016-05-17,15.73,16.16,15.57,15.79,4640000,15.710969
2016-05-18,15.64,15.86,15.18,15.31,4154000,15.233372
2016-05-19,15.17,15.7,15.08,15.49,3255100,15.41247
2016-05-20,15.57,15.82,15.49,15.73,3024600,15.651269
2016-05-23,15.69,16.15,15.66,15.9,3280200,15.820418
2016-05-24,16.01,16.209999,15.7,16.02,3819500,15.939818
2016-05-25,15.62,15.95,15.43,15.85,6265700,15.770669
2016-05-26,15.93,16.09,15.56,15.65,7175600,15.571669
2016-05-27,15.66,16.26,15.66,16.190001,3843500,16.108968
2016-05-31,16.24,16.75,16.190001,16.379999,5780300,16.298015
2016-06-01,16.34,16.93,16.299999,16.85,6392200,16.765664
2016-06-02,16.75,17.35,16.75,17.15,4419400,17.064162
2016-06-03,17.299999,17.57,17.059999,17.389999,6667200,17.30296
2016-06-06,17.5,17.9,17.440001,17.870001,6683400,17.780559
2016-06-07,17.809999,18.0,17.57,17.9,6320100,17.810408
2016-06-08,18.07,18.32,17.74,17.780001,4577600,17.69101
2016-06-09,16.91,16.92,16.049999,16.59,10766900,16.506965
2016-06-10,16.360001,16.360001,14.86,14.9,9009700,14.825423
2016-06-13,14.85,15.18,14.66,14.88,5681300,14.805524
2016-06-14,14.8,14.89,14.09,14.23,7032800,14.158777
2016-06-15,14.12,14.34,13.76,13.95,6757400,13.880178
2016-06-16,13.84,14.21,13.62,13.97,8548500,13.900079
2016-06-17,14.02,14.72,14.02,14.39,6458200,14.317977
2016-06-20,14.44,14.72,14.24,14.25,3950400,14.178677
2016-06-21,14.26,14.46,14.07,14.33,3314300,14.258277
2016-06-22,14.3,14.36,13.88,14.14,4075800,14.069228
2016-06-23,14.27,14.55,14.21,14.53,3186600,14.457275
2016-06-24,14.17,14.35,13.87,13.99,7257900,13.919978
2016-06-27,13.81,13.98,13.22,13.32,5504900,13.253331
2016-06-28,13.59,14.27,13.59,14.19,6337900,14.118977
2016-06-29,14.37,14.84,14.36,14.71,5609900,14.636375
2016-06-30,14.75,15.01,14.31,14.99,5480100,14.914973
2016-07-01,15.03,15.41,14.96,15.02,4415500,14.944824
2016-07-05,14.85,14.93,14.2,14.5,3326900,14.427426
2016-07-06,14.4,14.71,14.32,14.63,2517200,14.556775
2016-07-07,14.65,14.94,14.36,14.56,3597900,14.487126
2016-07-08,14.69,15.07,14.68,15.07,3921300,14.994573
2016-07-11,14.95,15.37,14.93,15.36,3267700,15.283121
2016-07-12,15.49,15.97,15.49,15.78,4065800,15.701019
2016-07-13,15.81,15.88,15.5,15.87,4365900,15.790569
2016-07-14,15.61,16.02,15.29,15.31,5740000,15.233372
2016-07-15,15.35,15.55,15.23,15.47,3465000,15.392571
2016-07-18,15.47,15.54,15.35,15.53,3310900,15.45227
2016-07-19,15.48,15.53,14.61,14.64,4485200,14.566725
2016-07-20,14.53,14.78,14.18,14.67,5182100,14.596575
2016-07-21,14.65,14.86,14.5,14.57,4363300,14.497075
2016-07-22,14.62,14.89,14.52,14.79,3523400,14.715974
2016-07-25,14.81,15.03,14.66,14.79,2850600,14.715974
2016-07-26,14.84,15.05,14.67,14.77,2584700,14.696075
2016-07-27,14.87,14.99,13.88,13.98,5553900,13.910028
2016-07-28,13.97,14.18,13.8,14.09,3548900,14.049628
2016-07-29,14.03,14.13,13.77,13.84,4590400,13.800344
2016-08-01,13.78,13.9,13.46,13.66,4738000,13.62086
2016-08-02,13.68,13.87,13.54,13.77,3456900,13.730545
2016-08-03,13.8,14.54,13.66,14.14,3950900,14.099485
2016-08-04,14.1,14.25,13.56,13.8,4995500,13.760459
2016-08-05,13.64,13.93,13.6,13.62,3833300,13.580974
2016-08-08,13.7,13.88,13.5,13.52,4528000,13.481261
2016-08-09,13.51,13.82,12.75,12.83,5769100,12.793238
2016-08-10,12.85,13.11,12.54,12.75,5298800,12.713467
2016-08-11,12.81,13.05,12.69,12.97,3624700,12.932837
2016-08-12,13.02,13.15,12.67,12.72,3449000,12.683553
2016-08-15,12.77,12.87,12.55,12.61,4669100,12.573868
2016-08-16,12.64,12.73,12.28,12.3,4576600,12.264757
2016-08-17,12.28,12.45,12.08,12.38,5199200,12.344528
2016-08-18,12.39,12.57,12.35,12.57,3166300,12.533983
2016-08-19,12.51,12.51,12.28,12.37,2549400,12.334556
2016-08-22,12.29,12.5,12.19,12.49,3361900,12.454212
2016-08-23,12.55,12.8,12.48,12.56,4414300,12.524012
2016-08-24,12.55,12.62,12.14,12.2,3306900,12.165043
2016-08-25,12.21,12.46,12.2,12.35,1913500,12.314614
2016-08-26,12.41,12.68,12.21,12.26,3124300,12.224871
2016-08-29,12.29,12.53,12.26,12.52,2509500,12.484127
2016-08-30,12.54,12.63,12.16,12.19,2537100,12.155071
2016-08-31,12.16,12.25,11.75,12.11,4021800,12.075301
2016-09-01,12.1,12.17,11.56,11.6,4334300,11.566763
2016-09-02,11.71,12.08,11.71,11.98,2527700,11.945673
2016-09-06,11.98,12.24,11.84,12.15,2441100,12.115186
2016-09-07,12.15,12.48,12.15,12.3,3561500,12.264757
2016-09-08,12.29,12.51,12.22,12.42,5409300,12.384413
2016-09-09,12.25,12.25,11.59,11.6,3863000,11.566763
2016-09-12,11.79,12.05,11.57,11.98,4535100,11.945673
2016-09-13,11.72,11.79,10.78,10.98,6640100,10.948538
2016-09-14,10.98,11.15,10.76,10.89,6349800,10.858797
2016-09-15,10.82,11.31,10.7,11.15,6636300,11.118051
2016-09-16,10.98,11.3,10.86,11.26,9279500,11.227737
2016-09-19,11.27,11.33,11.07,11.22,3089900,11.187851
2016-09-20,11.27,11.53,11.16,11.43,5937700,11.39725
2016-09-21,11.54,11.98,11.5,11.88,6697600,11.84596
2016-09-22,11.98,12.09,11.51,11.76,5600400,11.726304
2016-09-23,11.66,11.85,11.51,11.53,5562700,11.496963
2016-09-26,11.49,11.54,11.25,11.3,4892900,11.267622
2016-09-27,11.26,11.31,11.03,11.19,3556100,11.157937
2016-09-28,11.24,11.49,11.2,11.42,5283600,11.387278
2016-09-29,11.37,11.4,11.03,11.1,4856400,11.068195
2016-09-30,11.18,11.26,11.04,11.21,4397900,11.17788
2016-10-03,11.32,11.62,11.04,11.28,5168000,11.247679
2016-10-04,11.26,11.3,10.84,11.05,5934000,11.018338
2016-10-05,11.14,11.16,10.88,10.97,4074400,10.938568
2016-10-06,10.91,11.12,10.87,10.97,4210400,10.938568
2016-10-07,11.08,11.18,10.97,10.98,5827400,10.948538
2016-10-10,11.1,11.44,11.1,11.42,3755200,11.387278
2016-10-11,11.34,11.38,10.96,11.13,5548800,11.098109
2016-10-12,11.15,11.3,11.0,11.14,3423200,11.108081
2016-10-13,11.07,11.34,10.87,11.27,4231700,11.237708
2016-10-14,11.27,11.46,11.02,11.11,5277000,11.078166
2016-10-17,11.13,11.25,10.92,10.97,3838800,10.938568
2016-10-18,11.13,11.76,11.0,11.7,9783300,11.666476
2016-10-19,11.75,12.12,11.49,12.1,5508900,12.06533
2016-10-20,12.09,12.15,11.38,11.64,6933600,11.606648
2016-10-21,11.52,11.88,11.33,11.52,6072000,11.486992
2016-10-24,11.57,11.73,11.05,11.11,5960000,11.078166
2016-10-25,11.11,11.18,10.81,10.95,7115000,10.918625
2016-10-26,10.87,10.93,10.4,10.53,7669400,10.499828
2016-10-27,10.5,10.72,10.37,10.47,5371200,10.44
2016-10-28,10.41,10.57,10.2,10.3,5802500,10.3
2016-10-31,10.37,10.8,10.37,10.63,8552900,10.63
2016-11-01,10.65,10.76,10.5,10.63,5105100,10.63
2016-11-02,10.46,10.48,9.88,9.89,8691100,9.89
2016-11-03,9.95,10.37,9.84,10.13,6046800,10.13
2016-11-04,10.78,11.67,10.73,11.03,11076000,11.03
2016-11-07,11.26,11.52,11.24,11.38,6407600,11.38
2016-11-08,11.47,11.66,11.32,11.47,6675800,11.47
2016-11-09,11.57,12.15,11.43,12.03,7197200,12.03
2016-11-10,12.1,12.1,11.06,11.07,8540700,11.07
2016-11-11,11.08,11.25,10.78,11.07,5899100,11.07
2016-11-14,11.17,11.83,11.11,11.68,5598000,11.68
2016-11-15,11.59,11.75,11.28,11.48,6332300,11.48
2016-11-16,11.43,11.43,11.02,11.19,4729900,11.19
2016-11-17,11.17,11.52,11.14,11.25,4538500,11.25
2016-11-18,11.27,11.47,11.2,11.21,2818300,11.21
2016-11-21,11.33,11.61,11.31,11.52,2728800,11.52
2016-11-22,11.41,11.45,10.89,10.91,4402500,10.91
2016-11-23,10.76,11.12,10.75,11.03,2868000,11.03
2016-11-25,11.03,11.11,10.92,10.95,1755900,10.95
2016-11-28,11.05,11.57,11.04,11.55,5695100,11.55
2016-11-29,11.52,11.64,11.22,11.31,5011700,11.31
2016-11-30,11.36,11.51,11.29,11.34,18334400,11.34
2016-12-01,11.31,11.44,11.06,11.11,9253700,11.11
2016-12-02,10.98,11.45,10.98,11.24,4807300,11.24
2016-12-05,11.32,11.75,11.06,11.71,6785800,11.71
2016-12-06,11.69,11.86,11.49,11.82,6869100,11.82
2016-12-07,11.89,12.04,11.8,11.95,7437500,11.95
2016-12-08,11.9,12.49,11.86,12.46,5562900,12.46
2016-12-09,12.5,12.89,12.37,12.86,8596000,12.86
2016-12-12,12.93,13.06,12.43,12.6,10262100,12.6
2016-12-13,12.69,12.88,12.52,12.79,6912600,12.79
2016-12-14,12.78,13.01,12.42,12.48,7351900,12.48
2016-12-15,12.42,12.6,12.1,12.58,5193100,12.58
2016-12-16,12.33,12.62,12.22,12.3,20247300,12.3
2016-12-19,12.34,12.86,12.31,12.85,6510500,12.85
2016-12-20,12.85,12.88,12.46,12.5,3680400,12.5
2016-12-21,12.55,12.7,12.33,12.37,6076000,12.37
2016-12-22,12.34,12.46,12.11,12.13,5885800,12.13
2016-12-23,12.21,12.43,12.14,12.34,3600500,12.34
2016-12-27,12.3,12.61,12.3,12.6,3650800,12.6
2016-12-28,12.66,12.7,12.42,12.43,2736700,12.43
2016-12-29,12.43,12.56,12.33,12.39,2640500,12.39
2016-12-30,12.45,12.46,12.22,12.26,3448500,12.26
